id,base_health,base_health_regen,base_mana,base_mana_regen,base_armor,base_mr,base_attack_min,base_attack_max,base_str,base_agi,base_int,str_gain,agi_gain,int_gain,attack_range,projectile_speed,attack_rate,base_attack_time,attack_point,move_speed,turn_rate,cm_enabled,legs,day_vision,night_vision,1_pick,1_win,2_pick,2_win,3_pick,3_win,4_pick,4_win,5_pick,5_win,6_pick,6_win,7_pick,7_win,8_pick,8_win,turbo_picks,turbo_wins,pro_pick,pro_win,pro_ban,pub_pick,pub_win,gold_per_min,xp_per_min,kills_per_min,last_hits_per_min,hero_damage_per_min,hero_healing_per_min,tower_damage,carry,disabler,durable,escape,initiator,nuker,pusher,support,melee,ranged,agility,intelligent,strength
1,120,1.0,75,0.0,1,25,29,33,21,24,12,1.6,2.8,1.8,150,0,1.4,100,0.3,310,0.7772727272727273,True,2,1800,800,21465,10975,66678,34303,88527,45760,89902,46121,71784,36968,45900,23531,28655,14729,14872,7582,153807,80240,193,78,623,461905,237143,629,876,0.2200488997555012,8.047904191616766,555.4615384615385,0.0,5280,1,0,0,1,0,1,0,0,1,0,1,0,0
2,120,2.5,75,0.0,0,25,31,35,25,20,18,2.8,1.7,1.6,150,900,1.7,100,0.4,315,0.7772727272727273,True,2,1800,800,25819,13720,76398,39845,97235,49929,96492,49269,73835,37574,46073,23407,26959,13584,11624,5820,166790,86035,314,140,254,492969,253570,493,687,0.2312138728323699,4.479953515398025,705.4108956602031,0.0,743,1,1,1,0,1,0,0,0,1,0,0,0,1
3,120,0.25,75,0.0,1,25,24,30,23,23,23,2.7,2.7,2.7,400,900,1.7,100,0.3,305,0.7772727272727273,True,4,1800,1200,3797,1790,9806,4516,11922,5746,12008,5962,9539,4794,6560,3401,4545,2355,2723,1425,33498,15509,85,51,51,68923,33755,328,540,0.1059446733372572,1.0607434270172258,389.4069192751235,0.0,376,0,1,1,0,0,1,0,1,0,1,1,1,1
4,120,0.25,75,0.0,2,25,35,41,24,24,17,2.7,3.1,2.0,150,900,1.7,100,0.43,285,0.7772727272727273,True,2,1800,800,11624,6019,23045,11811,22283,11294,19618,9991,13427,6787,7685,3919,4308,2199,1868,924,63331,31332,63,31,69,124653,63349,544,771,0.2206783816918676,5.736607142857142,690.6628895184136,0.0,2460,1,1,0,0,1,1,0,0,1,0,1,0,0
5,120,0.25,75,0.0,0,25,30,36,17,16,18,2.2,1.8,3.3,600,900,1.7,100,0.45,280,0.7772727272727273,True,2,1800,800,22027,11543,55533,28129,64744,31832,62080,30592,47313,23044,30172,14811,18426,9036,9494,4707,144636,72633,259,123,51,339181,168868,349,549,0.0949868073878627,1.5268614514608858,399.1704686851929,0.0,353,0,1,0,0,0,1,0,1,0,1,0,1,0
6,120,0.25,75,0.0,0,25,29,36,16,22,15,1.9,2.9,1.4,625,1250,1.7,100,0.5,310,0.7,True,2,1800,800,25683,12592,61343,30647,75503,38256,75200,38218,57918,29512,36665,18770,21667,10887,9220,4587,227459,120322,210,101,210,402990,203072,566,736,0.2071942446043165,6.6073871409028735,663.0534351145038,0.0,5754,1,1,0,0,0,0,1,0,0,1,1,0,0
7,120,1.0,75,0.0,2,25,27,37,22,12,18,3.7,1.4,2.1,150,0,1.7,100,0.467,315,0.9,True,2,1800,800,25834,12594,70500,34402,93099,46154,100960,50814,87133,44360,60831,31547,40925,21379,22532,11838,229304,110660,360,171,294,545075,274484,468,737,0.1700921332388377,4.137931034482759,639.8787419477075,0.0,1009,0,1,0,0,1,1,0,1,1,0,0,0,1
8,120,0.5,75,0.0,0,25,22,24,20,34,14,2.0,2.8,1.4,150,0,1.4,110,0.33,300,0.7772727272727273,True,2,1800,800,28065,14559,78454,41267,103169,54686,103754,55613,80147,43086,49741,26605,29300,15332,11993,6244,236908,126179,227,114,157,529382,280671,614,817,0.2386117136659436,7.509293680297398,708.6152219873151,122.06106870229006,5873,1,0,0,1,0,0,1,0,1,0,1,0,0
9,120,0.25,75,0.4,-2,25,22,28,20,26,22,2.2,3.1,1.9,630,900,1.7,100,0.35,285,0.7772727272727273,True,2,1800,800,8902,4540,26656,13425,34285,17149,34323,17376,26215,13388,16285,8289,9907,5187,4593,2315,77890,40366,90,47,26,176806,89556,388,584,0.126984126984127,2.587666263603386,410.2880658436214,0.0,847,1,1,0,1,0,1,0,1,0,1,1,0,0
10,120,0.5,75,0.5,-2,25,12,21,23,24,19,3.2,3.9,1.8,350,1300,1.5,100,0.5,285,0.7,True,0,1800,800,12105,6056,37709,18700,52737,26378,60727,30764,54324,27507,41294,21129,30408,15822,20767,10961,118733,57528,327,175,650,327616,165966,609,796,0.2036487059821807,7.695004382120946,608.2011724776304,21.54484519629748,8085,1,1,1,1,0,1,0,0,0,1,1,0,0
11,120,0.25,75,0.3,1,25,16,22,19,25,18,2.7,3.5,2.2,525,1200,1.6,100,0.5,305,0.9,True,0,1800,800,21637,10602,57305,27997,69081,33564,65155,31748,51021,24673,31820,15204,18634,9051,9377,4425,221120,105340,242,107,171,358625,173572,581,789,0.2236719478098788,6.786206896551724,688.718226068145,0.0,3270,1,0,0,0,0,1,0,0,0,1,1,0,0
12,120,1.5,75,0.0,0,25,26,36,21,26,21,2.2,2.8,1.8,225,900,1.7,110,0.5,285,0.7772727272727273,True,2,1800,800,11485,5721,25887,12656,25300,12016,19309,8914,12387,5718,6615,3059,3572,1640,1501,680,75077,38931,60,24,76,123178,59000,539,741,0.1791044776119403,6.282094031343782,575.2595155709342,0.0,2997,1,0,0,1,0,1,1,0,1,0,1,0,0
13,120,0.5,75,0.5,0,25,22,30,17,14,23,2.4,2.5,3.8,550,900,1.7,100,0.5,290,0.9,True,2,1800,800,7247,3322,23728,11219,37826,18530,46239,23072,44259,22282,33036,16540,23570,12135,14335,7310,76460,36573,315,176,875,244889,121417,552,778,0.2142857142857142,5.80183048149622,761.5327793167128,0.0,2284,0,1,0,1,1,1,0,0,0,1,0,1,0
14,120,2.5,75,0.0,0,25,45,51,25,11,16,3.0,1.4,1.8,175,0,1.7,100,0.5,280,0.7,True,2,1800,800,43035,22340,127776,65419,159216,80681,156266,78324,125475,62255,85045,42284,58165,28841,33143,16435,507593,257360,459,245,265,851195,429475,391,592,0.1640340218712029,2.272277227722772,500.4660194174757,0.0,398,0,1,1,0,1,1,0,0,1,0,0,0,1
15,120,1.0,75,0.0,0,25,23,25,22,24,21,2.8,2.8,2.2,475,2000,1.7,100,0.3,280,0.7772727272727273,True,0,1800,800,14175,7214,32168,16382,37166,18676,37073,18369,29215,14267,18701,9215,10848,5207,5144,2431,92198,47323,195,88,167,207045,103133,523,718,0.2211055276381909,5.196172248803828,776.9414575866189,0.0,2598,1,0,1,0,0,1,1,0,0,1,1,0,0
16,120,0.25,75,0.0,1,25,19,29,22,19,17,2.3,2.0,2.0,150,900,1.7,110,0.53,290,0.7772727272727273,True,6,1800,800,9117,4645,23196,11691,29702,14733,31474,15336,27320,13254,19434,9361,13031,6183,6927,3279,74984,38735,249,127,173,176652,86850,503,697,0.1567091087169441,5.133544590312359,674.2367906066536,0.0,443,0,1,0,1,1,1,0,1,1,0,1,1,1
17,120,0.5,75,0.0,1,25,24,34,21,22,23,2.0,2.6,3.9,480,1100,1.6,115,0.5,285,0.8,True,2,1800,800,10984,5315,30855,14950,43854,21165,48653,23657,41827,20240,30363,14929,20271,9997,11439,5665,103553,51573,299,155,603,256387,124669,534,761,0.2280580511402902,5.717234262125903,629.6320523303352,0.0,1630,1,1,0,1,1,1,0,0,0,1,0,1,0
18,120,0.75,75,0.0,0,25,37,39,23,18,16,3.5,2.2,1.5,150,0,1.9,110,0.4,325,0.7772727272727273,True,2,1800,800,10929,5444,29263,14519,35919,17811,36765,17983,30229,14663,20145,9794,13616,6661,7804,3675,70953,35718,255,117,123,204859,100823,613,830,0.2149574563367667,8.015768725361367,650.0830367734283,0.0,4167,1,1,1,0,1,1,0,0,1,0,0,0,1
19,120,2.0,75,0.0,0,25,31,37,30,0,17,4.0,0.0,2.2,150,900,1.7,90,0.4,275,0.7772727272727273,True,2,1800,800,12993,6060,35725,16389,48698,22396,56116,25697,50983,23889,37979,17659,27072,12722,18296,8671,100026,44552,671,327,680,310603,144310,512,705,0.1772151898734177,5.559440559440559,628.1052631578947,0.0,2551,1,1,1,0,1,1,1,0,1,0,0,0,1
20,120,0.25,75,0.0,0,25,26,32,20,21,19,2.6,3.2,1.5,400,1500,1.7,110,0.33,295,0.7772727272727273,True,2,1800,800,9605,4957,29548,15652,40865,21612,44008,23472,36737,19536,23708,12497,13988,7456,6011,3097,89023,49527,261,145,46,221697,117055,346,579,0.0886786875554241,1.388221153846154,381.6094420600858,0.0,637,0,1,0,1,1,1,0,1,0,1,1,0,0
21,120,0.25,75,0.25,0,25,21,33,18,17,18,2.6,1.7,3.2,600,1250,1.5,90,0.4,290,0.8,True,2,1800,800,19978,9705,49789,23814,64877,30750,69247,32668,58904,27832,40435,19088,26354,12426,15063,7189,161012,78216,417,212,284,374987,178351,428,635,0.1983002832861189,3.0632911392405062,506.1877452460007,0.0,1639,1,1,0,1,0,1,0,1,0,1,1,1,1
22,120,0.25,75,0.0,2,25,33,41,19,11,22,2.1,1.2,3.3,380,1100,1.7,100,0.35,315,0.7772727272727273,True,2,1800,800,23473,11582,64708,32693,85596,42963,87786,43911,71649,35720,46436,23007,30218,14996,16711,8280,230615,114100,317,164,231,463597,231571,447,637,0.1755119097367321,3.168124392614189,896.9092945128779,0.0,329,1,0,0,0,0,1,0,0,0,1,0,1,0
23,120,0.75,75,0.0,2,25,30,36,24,14,18,3.6,1.6,1.8,150,900,1.7,100,0.4,315,0.7772727272727273,True,2,1800,800,7752,3760,20912,10245,28266,14034,31671,15618,27734,13743,19367,9616,13080,6568,7434,3679,56038,26504,282,149,135,170522,84449,537,721,0.1530612244897959,6.068914412745461,681.0446343779677,0.0,1343,1,1,1,0,1,1,0,1,1,0,0,0,1
25,120,0.25,75,0.0,0,25,21,29,20,23,30,2.4,2.4,3.8,670,1000,1.6,100,0.65,290,0.7772727272727273,True,2,1800,800,18521,8217,38928,17169,44702,19885,41077,18350,28976,13044,16041,7133,8173,3584,3388,1512,117196,51616,151,78,179,229307,102095,518,723,0.2069857697283312,5.421800947867299,652.377495462795,0.0,2706,1,1,0,0,0,1,0,1,0,1,0,1,0
26,120,0.5,75,0.0,0,25,29,35,18,15,19,2.4,1.7,3.5,600,900,1.7,115,0.43,290,0.7772727272727273,True,2,1800,800,38239,18806,117258,58007,154362,76627,157217,77798,124913,61850,78418,38829,47116,23479,21355,10813,350385,170267,582,256,197,792892,393373,346,562,0.1349527665317139,1.1969654397302614,363.01575393848464,0.0,253,0,1,0,0,1,1,0,1,0,1,0,1,0
27,120,1.0,75,0.0,3,25,40,47,20,16,25,2.3,1.6,3.5,400,900,1.7,100,0.3,285,0.7772727272727273,True,2,1800,800,27459,14142,75452,39465,95530,50115,95628,49848,75919,40156,49291,25792,31580,16576,16930,8915,151036,78009,505,231,356,503913,263883,363,538,0.0905888273779567,1.772796739684157,351.687898089172,0.0,2338,0,1,0,0,1,1,1,1,0,1,0,1,0
28,120,0.5,75,0.0,3,25,30,38,21,17,15,3.6,2.1,1.5,150,0,1.7,100,0.36,300,0.7772727272727273,True,0,1800,800,12928,6561,34262,17346,40904,20497,40395,20230,32281,16408,20621,10424,13239,6822,6800,3477,74327,39256,283,148,192,223125,113120,471,677,0.171796707229778,4.3216080402010055,471.0072289156626,0.0,1347,1,1,1,1,1,0,0,0,1,0,0,0,1
29,120,0.25,75,0.5,0,25,25,31,27,15,20,3.6,1.5,1.7,150,900,1.7,100,0.6,300,0.7772727272727273,True,2,1800,800,13262,6772,42298,21781,61451,31435,69129,35632,58303,29891,40272,20728,26456,13469,13568,6853,93929,49828,503,253,627,344986,176882,468,658,0.1140684410646387,4.866071428571429,498.1327800829876,28.091533180778036,1507,1,1,1,0,1,1,0,0,1,0,0,0,1
30,120,0.25,75,0.0,0,25,26,36,20,13,22,2.1,1.4,3.1,550,1200,1.7,100,0.4,300,0.7772727272727273,True,2,1800,800,30141,16275,92233,49771,120832,64277,120674,63385,90678,46499,53851,27226,30288,15031,11870,5825,241712,129527,285,125,164,587988,308086,404,579,0.1685985247629083,1.807967313585291,562.3897058823529,89.2795883361921,360,0,1,0,0,0,1,0,1,0,1,0,1,0
31,120,0.5,75,0.75,-1,25,24,33,20,17,26,2.1,2.0,3.8,550,900,1.7,100,0.46,290,0.7,True,2,1800,800,14502,7590,40385,20945,53883,27742,56628,29220,45740,23258,28565,14240,16157,7866,5939,2977,93276,49245,210,94,82,282029,144079,367,554,0.1252086811352253,1.5871833084947835,494.0576188823325,0.0,296,0,0,0,0,0,1,0,1,0,1,0,1,0
32,120,2.5,75,0.0,0,25,22,26,18,30,14,2.0,2.4,1.3,150,900,1.7,90,0.3,315,0.7772727272727273,True,2,1800,800,15588,7770,35150,17420,38840,19236,35947,17779,27068,13310,16766,8083,10040,4836,5123,2400,111382,55486,118,55,122,209021,103124,491,775,0.2416107382550336,3.8627602158828074,594.0911854103344,0.0,900,1,1,0,1,0,0,0,0,1,0,1,0,0
33,120,0.25,75,0.5,1,25,19,25,21,14,19,2.5,1.0,3.6,500,900,1.7,100,0.4,280,0.7772727272727273,True,0,1800,800,6027,2984,16399,8167,19909,9826,17999,8902,13087,6526,7763,3899,4383,2206,2297,1144,77400,38840,95,50,197,99403,49233,385,546,0.0983069361004915,2.668298653610771,548.215092634433,0.0,1375,0,1,0,0,1,0,1,0,0,1,1,1,1
34,120,0.25,75,0.5,4,25,22,28,19,17,30,2.3,1.4,3.3,500,900,1.7,100,0.35,310,0.7772727272727273,True,2,1800,800,9998,4708,34162,16387,48445,24127,53796,26932,48445,24686,35904,18447,25692,13295,16168,8511,115785,54610,303,167,1187,291142,145964,560,803,0.1407506702412868,7.068345323741007,800.1120448179272,0.0,112,1,0,0,0,0,1,1,0,0,1,0,1,0
35,120,0.25,75,0.0,-1,25,13,19,19,27,15,2.0,3.2,2.6,550,3000,1.7,100,0.17,285,0.7,True,2,1800,1400,40324,19704,107247,52851,133435,65862,129835,64019,97531,47860,56911,27923,32048,15598,15004,7249,371601,184059,310,152,623,674701,331719,545,694,0.2289202594429607,5.712019040063467,801.6534181240064,0.0,3360,1,0,0,0,0,1,0,0,0,1,1,0,0
36,120,0.25,75,0.0,2,25,26,30,18,12,23,2.3,1.3,2.7,500,1200,1.7,100,0.3,280,0.7772727272727273,True,2,1800,800,22217,12089,65792,34682,83990,43523,83783,43469,64616,32897,39232,19651,22674,11210,9469,4592,155777,80963,187,80,233,422658,218749,562,758,0.239712345185777,6.061719324026451,755.1248357424442,118.74015748031496,1332,1,1,1,0,0,1,0,0,0,1,0,1,0
37,120,0.25,75,0.0,1,25,27,37,22,10,25,2.4,1.0,3.1,600,1200,1.7,90,0.3,300,0.7772727272727273,True,2,1800,800,13658,7420,43766,23724,59531,31868,60280,31570,47973,24512,31592,16032,20502,10334,11580,5820,104349,57905,425,219,373,308349,161403,402,533,0.1040312093628088,2.613496932515337,567.038512616202,144.27416520210895,2278,0,1,0,0,1,0,0,1,0,1,0,1,0
38,120,0.25,75,0.0,-1,25,28,32,25,22,16,2.9,1.9,1.9,150,0,1.7,100,0.3,305,0.7772727272727273,True,2,1800,800,4832,2237,16627,7909,23983,11357,27041,12725,24621,11664,19102,9051,15169,7198,11650,5869,37004,16466,338,179,627,153339,72829,544,721,0.2055335968379446,5.874125874125874,660.8413461538462,0.0,3121,0,1,1,0,1,1,0,0,1,0,1,1,1
39,120,0.25,75,0.0,0,25,26,32,20,22,25,2.4,2.5,3.4,550,1500,1.5,100,0.56,290,0.7772727272727273,True,2,1800,800,15933,7650,50979,24862,77971,38480,90591,44700,79595,39501,55015,27443,36530,17980,19920,9854,155827,73940,404,188,709,452780,223472,527,752,0.2479338842975206,5.039145907473309,807.5067645921918,0.0,1713,1,0,0,1,0,1,0,0,0,1,0,1,0
40,120,0.25,75,0.0,0,25,18,21,19,24,19,2.1,2.8,1.8,450,900,1.7,115,0.3,280,0.7772727272727273,True,0,1800,800,14448,7043,40209,19846,53013,26329,53144,26098,39576,19427,23996,11795,13656,6729,6435,3149,131789,63362,135,60,194,267570,131555,417,589,0.1147227533460803,3.0277185501066097,620.6236080178173,4.724409448818897,1035,0,1,0,0,1,1,1,1,0,1,1,1,1
41,120,1.0,75,0.0,0,25,37,43,20,21,15,2.6,3.3,1.5,150,900,1.7,100,0.5,300,0.9,True,2,1800,800,11790,5523,33508,15664,43870,20929,43156,20681,32335,15705,19488,9297,10853,5239,4851,2300,112357,56743,99,39,96,224126,106998,533,744,0.1772816808929743,6.072443181818182,486.0049220672683,0.0,2166,1,1,1,1,1,0,0,0,1,0,1,0,0
42,120,0.5,75,0.0,1,25,38,40,22,16,18,2.8,1.7,1.6,150,0,1.7,100,0.56,315,0.7772727272727273,True,2,1800,800,25935,15314,80334,47050,110774,64979,117219,67871,97593,55571,65645,37076,42851,23688,23829,12988,186756,108528,513,286,331,599618,344899,579,779,0.1979109400769653,6.469055374592834,739.6108949416342,0.0,5453,1,1,1,0,1,0,0,1,1,0,0,0,1
43,120,0.25,75,0.5,1,25,22,32,21,17,24,2.9,2.0,3.0,600,1000,1.7,100,0.5,290,0.8,True,2,1800,800,8634,4169,17376,8507,19712,9639,19124,9406,15300,7556,10417,5208,7358,3672,3408,1647,42734,21112,127,66,171,115104,56577,511,698,0.2171290711700844,4.914675767918089,741.1116481391978,0.0,4054,1,1,0,0,0,1,1,0,0,1,1,1,1
44,120,1.0,75,0.0,1,25,35,37,19,21,15,2.0,3.4,1.7,150,900,1.7,110,0.3,310,0.8,True,2,1800,800,37013,17591,96684,44944,117840,53865,113938,51372,87278,38715,53406,23301,32555,14162,16385,7061,303099,151481,447,209,684,611018,277541,586,808,0.2381508288582769,6.961753330468414,648.3325761017719,0.0,2131,1,0,0,1,0,0,0,0,1,0,1,0,0
45,120,0.25,75,0.5,0,25,21,28,19,21,26,2.0,1.3,5.2,630,900,1.7,100,0.5,330,0.7772727272727273,True,2,1800,800,8112,3665,20251,9484,23997,11603,23230,11383,18407,9024,11606,5865,7295,3726,3907,2049,59873,28050,152,92,66,129441,62808,394,563,0.1308615049073064,2.376237623762376,648.351409978308,73.82409177820267,3713,0,0,0,0,0,1,1,0,0,1,0,1,0
46,120,1.0,75,0.0,0,25,30,36,23,23,20,2.4,3.4,2.0,250,1000,1.6,100,0.3,310,0.7,True,2,1800,800,16304,7873,44485,21617,59468,29538,63725,32220,56655,28993,41993,21723,30000,15654,19780,10615,95005,45341,463,264,818,354916,179267,630,829,0.2669632925472747,7.594646271510516,789.7259878857802,0.0,7475,1,0,0,1,0,0,0,0,0,1,1,0,0
47,120,0.25,75,0.0,-2,25,27,29,21,21,17,2.4,2.7,2.0,575,1200,1.7,120,0.33,275,0.7772727272727273,True,0,1800,800,21473,10229,43067,20691,45281,21691,38885,18716,26746,12871,15169,7276,8038,3882,3671,1765,135766,65161,212,99,306,235035,112812,486,674,0.2277520033741037,4.21179302045728,719.9084202493004,0.0,2583,1,1,1,0,1,0,0,0,0,1,1,0,0
48,120,0.5,75,0.0,2,25,26,32,21,24,23,2.2,3.4,1.9,330,900,1.7,100,0.35,325,0.7772727272727273,True,2,1800,800,10032,4939,22225,10827,25540,12285,23519,11249,17245,8160,10198,4760,5646,2679,3136,1511,67787,33660,110,58,32,135127,65190,596,772,0.1804757998359311,7.966573816155989,643.8039867109634,0.0,5067,1,0,0,0,0,1,1,0,0,1,1,0,0
49,120,0.25,75,0.0,0,25,34,40,21,16,18,3.6,2.0,1.7,150,900,1.6,100,0.5,315,0.7772727272727273,True,2,1800,800,14378,7367,41308,20645,52473,26478,52425,26187,40930,20333,26193,13046,16662,8196,9100,4460,70004,35233,444,218,438,277166,138613,546,734,0.1829268292682926,6.038961038961039,615.2222222222222,0.0,5241,1,1,1,0,1,1,1,0,1,0,0,0,1
50,120,0.25,75,0.3,0,25,19,25,18,20,25,2.3,1.7,3.7,575,1200,1.7,100,0.3,305,0.7,True,2,1800,800,10028,4869,29230,14325,35717,17633,32948,16038,24115,11907,14513,7249,8291,4131,3907,1967,58022,28525,124,58,281,174134,85711,350,553,0.1007049345417925,1.7555110220440882,324.8322147651007,194.6529562982005,472,0,1,0,0,0,1,0,1,0,1,1,1,1
51,120,0.5,75,0.0,1,25,24,26,26,13,18,3.2,2.3,1.7,150,900,1.7,100,0.33,310,0.7772727272727273,True,2,1800,800,5381,2792,19104,9982,29463,15243,35974,18746,33394,17512,25059,13101,18025,9547,10024,5249,69800,37370,373,204,192,189160,98823,366,541,0.1296207393182909,1.5462494247583989,545.9052924791087,0.0,280,0,1,1,0,1,1,0,0,1,0,0,0,1
52,120,0.25,75,0.0,1,25,27,31,20,17,22,2.8,2.5,3.5,575,900,1.7,100,0.4,325,0.7772727272727273,True,4,1800,800,4409,2217,12903,6327,19080,9403,21901,10968,20540,10420,16103,8094,12540,6445,8001,4166,48936,25537,235,114,262,124103,62205,496,676,0.2230483271375464,4.842233009708738,746.5454545454546,0.0,1014,1,1,0,0,0,1,1,1,0,1,0,1,0
53,120,0.25,75,0.0,0,25,16,26,19,14,22,2.6,3.2,3.5,620,1125,1.5,100,0.4,295,0.9,True,2,1800,800,25396,12463,70406,32969,86288,39897,87113,40832,71457,33680,48189,23382,31628,15413,19546,9533,179440,83582,381,208,1100,477003,226570,603,703,0.1917954182205647,7.260834014717907,719.0859077443927,0.0,5250,1,0,0,1,0,1,1,0,0,1,1,1,1
54,120,0.25,75,0.0,1,25,16,22,25,19,15,2.4,1.9,1.8,150,900,1.7,100,0.39,315,0.9,True,2,1800,800,14595,7591,46709,24634,64885,34349,69741,37157,59065,31752,38702,20544,24755,13013,11316,5877,103115,52775,368,166,760,354986,187639,582,803,0.1849405548216644,6.84437475499804,613.1052631578947,39.429260450160776,5550,1,1,1,1,0,0,0,0,1,0,0,0,1
55,120,1.0,75,0.0,2,25,33,39,20,19,21,2.6,1.8,2.7,150,900,1.7,100,0.59,295,0.7772727272727273,True,2,1800,800,4077,2071,12232,6316,17863,9342,20128,10338,19133,10011,14638,7519,11051,5743,7204,3697,54053,29930,266,135,307,113815,58995,474,633,0.1144492131616595,4.950495049504951,553.8042381432896,9.4188376753507,621,0,1,0,1,1,0,0,0,1,0,0,1,0
56,120,0.25,75,0.0,0,25,19,25,17,25,21,2.0,2.7,2.2,600,900,1.7,100,0.4,290,0.7772727272727273,True,2,1800,800,15373,7967,29640,15164,27964,14333,24574,12567,19038,9682,12611,6393,8360,4234,4758,2416,107635,56915,116,59,90,164380,84284,519,721,0.2527543745949449,4.356984478935699,735.7885141294439,0.0,4987,1,0,0,1,0,0,1,0,0,1,1,0,0
57,120,0.25,75,0.0,2,25,31,41,22,15,16,3.1,2.0,2.1,150,900,1.7,100,0.433,310,0.7772727272727273,True,2,1800,800,3737,1787,9133,4287,10248,4982,9297,4528,6550,3195,4114,1988,2247,1113,1317,673,31021,14993,35,15,8,55534,26965,329,534,0.0776699029126213,1.643286573146293,253.7173717371737,111.84584178498986,354,0,0,1,0,0,1,0,1,1,0,0,0,1
58,120,0.25,75,0.5,1,25,21,31,17,19,22,2.0,2.1,3.8,575,900,1.7,100,0.3,320,0.7772727272727273,True,4,1800,800,7870,3881,14700,7167,13236,6372,10381,4947,7072,3270,4237,1961,2262,1000,1104,502,51327,26128,39,20,53,72001,34790,378,623,0.1480750246791707,2.0477815699658706,480.5689993459778,52.13046495489243,1739,0,1,1,0,0,0,1,1,0,1,0,1,0
59,120,0.25,0,0.0,1,25,21,26,23,10,18,3.3,1.5,1.5,400,1400,1.6,100,0.3,295,0.7772727272727273,True,2,1800,800,15789,7474,33697,15811,36802,17923,36337,17981,29860,15066,21781,11148,15414,8081,10485,5511,105619,52041,259,126,728,226790,111839,484,659,0.2464065708418891,4.279797514956282,703.3052631578947,0.0,2986,1,0,1,0,1,0,0,0,0,1,0,0,1
60,120,1.5,75,0.25,2,25,40,44,23,18,15,3.0,2.2,1.6,150,900,1.7,100,0.55,295,0.7772727272727273,True,2,800,1800,7478,3574,24550,12099,37315,18623,44448,22606,40426,20658,28929,14700,20295,10248,11773,5951,42828,20697,376,180,1133,230932,116260,471,665,0.1920438957475994,4.231553200163066,474.65008880994674,0.0,2086,1,1,1,0,1,1,0,0,1,0,0,0,1
61,120,0.25,75,0.0,-1,25,29,35,18,18,18,2.9,3.4,2.0,175,900,1.7,125,0.4,285,0.7772727272727273,True,8,1800,800,4736,2248,10227,4970,10453,5193,8623,4316,6193,3101,3720,1870,2585,1331,1883,929,32166,14568,47,24,134,56454,27704,559,746,0.2068074105988798,6.144,520.0201816347123,0.0,6412,1,0,0,1,0,1,1,0,1,0,1,0,0
62,120,0.75,75,0.5,5,25,33,41,19,21,20,2.5,2.6,1.9,150,900,1.5,100,0.59,325,0.7772727272727273,True,2,1800,1000,11658,5548,29802,14290,36270,17671,36051,17735,28975,14405,18935,9600,12418,6285,7707,4016,95600,44379,128,71,101,200854,98685,459,573,0.109689213893967,1.4958448753462603,388.6359418496753,0.0,300,0,0,0,1,0,1,0,0,1,0,1,0,0
63,120,1.25,75,0.5,1,25,37,43,16,17,20,2.0,3.3,2.0,425,900,1.8,120,0.55,275,0.7772727272727273,True,4,1800,800,19759,9845,52259,26141,68205,33863,72494,35996,61710,30766,41586,20466,28186,13606,17519,8468,142750,73029,427,223,649,392352,194690,449,740,0.1861908456167571,3.524185587364265,573.5174287007695,0.0,2143,1,0,0,1,0,0,0,0,0,1,1,0,0
64,120,0.25,75,0.0,1,25,27,35,25,15,26,2.5,1.2,3.0,400,1100,1.7,100,0.4,290,0.8,True,2,1800,800,18395,9565,66808,34712,102223,52119,114683,57996,97062,48677,65254,32541,41745,20653,22081,10828,180962,92228,999,494,765,557265,281971,376,560,0.1125703564727955,2.096069868995633,477.03382480485686,0.0,1650,0,1,0,0,0,1,1,1,0,1,0,1,0
65,120,1.75,75,0.0,2,25,12,16,23,15,22,2.9,1.8,2.9,400,900,1.7,100,0.3,330,0.9,True,2,1600,800,1771,808,4636,2078,5875,2572,5769,2539,4754,2172,3167,1486,2227,987,1287,637,20395,8610,49,24,42,34009,15447,391,598,0.1492537313432835,2.592780884595831,504.9744897959183,0.0,476,0,1,0,1,1,0,0,0,0,1,1,1,1
66,120,0.25,75,0.5,-1,25,27,37,23,15,19,2.0,2.1,3.2,650,1100,1.7,100,0.5,305,0.7772727272727273,True,2,1800,800,986,424,2260,977,2552,1059,2554,1129,2022,848,1300,557,893,391,686,344,14230,5706,43,18,49,16491,7368,320,443,0.0351493848857645,1.748502994011976,164.97536945812809,179.49685534591194,1624,0,0,0,0,0,0,1,1,0,1,0,1,0
67,120,1.0,75,0.0,0,25,21,25,21,25,16,2.5,2.1,1.7,150,900,1.7,90,0.3,290,0.7772727272727273,True,0,1800,800,15125,8031,46156,24364,57080,29321,54153,27637,40159,20127,23557,11756,13260,6714,5559,2834,111124,60876,120,53,225,277138,142317,564,829,0.2632733655111891,5.572519083969466,738.8670284938942,0.0,2006,1,0,1,1,0,0,0,0,1,0,1,1,1
68,120,0.25,75,0.0,-1,25,21,31,20,20,23,1.9,2.2,3.1,675,1250,1.7,100,0.45,285,0.7772727272727273,True,0,1800,800,15958,8363,51178,27292,76089,40774,88347,47384,79812,42648,57970,30778,41159,21774,24901,12908,158275,84286,548,303,1207,459178,244388,373,561,0.1292546316242998,1.596351197263398,439.51433121019113,0.0,322,0,1,0,0,0,1,0,1,0,1,0,1,0
69,120,1.25,75,0.0,2,25,32,42,24,15,15,3.8,1.5,1.7,200,900,1.9,100,0.5,290,0.7772727272727273,True,2,1800,800,4702,2126,15052,6600,21626,9787,23992,10834,21446,9947,15288,7087,10200,4740,5882,2796,35585,16536,178,85,248,128699,58903,541,656,0.1471389645776566,4.302600472813239,473.9274924471299,0.0,710,1,1,1,0,1,1,0,0,1,0,0,0,1
70,120,1.0,75,0.0,1,25,24,28,25,18,16,2.4,2.8,1.5,150,900,1.7,100,0.3,310,0.7772727272727273,True,2,1800,800,14439,6657,39629,18899,53312,25948,58746,29082,51402,25762,36322,18382,25694,13254,13701,6966,105442,53006,388,186,829,319846,157943,590,806,0.2755453501722159,6.594827586206897,720.2972972972973,0.0,2688,1,1,1,0,0,0,0,0,1,0,1,0,0
71,120,1.25,75,0.5,1,25,31,41,28,17,14,3.3,1.7,1.8,170,900,1.9,100,0.6,295,0.7772727272727273,True,2,1800,800,20378,10146,53307,26665,66292,33017,64823,32423,49678,24833,30581,15341,17934,9137,9302,4729,163612,77829,273,143,146,344928,172774,394,654,0.1442307692307692,2.252010723860589,459.4476082004556,0.0,405,1,1,1,1,1,0,0,0,1,0,0,0,1
72,120,0.25,75,0.0,2,25,18,24,22,25,21,2.5,3.2,2.4,365,3000,1.7,125,0.2,320,0.7772727272727273,True,2,1800,800,6055,2848,18297,8610,28342,13742,32820,15982,28285,13790,18984,9384,11749,5794,6288,2963,63120,31528,260,133,163,164468,79823,512,702,0.186335403726708,5.920815836832634,759.6248766041462,0.0,1524,1,1,0,0,0,1,0,0,0,1,1,0,0
73,120,0.25,75,0.0,0,25,27,33,23,22,25,2.7,1.5,1.8,150,900,1.7,110,0.35,295,0.7772727272727273,True,2,1800,800,7564,3720,21650,10802,28530,14269,30034,15014,25594,12992,17062,8604,10271,5265,5486,2739,54326,27863,57,31,27,163230,81960,657,717,0.1041666666666666,6.521739130434782,437.2355430183357,0.0,1659,1,1,1,0,1,1,0,1,1,0,0,0,1
74,120,0.25,75,0.0,-1,25,15,21,19,14,20,2.5,2.0,4.7,600,900,1.7,100,0.4,285,0.7772727272727273,True,2,1800,800,27326,13753,86346,43621,118095,59485,125599,63302,103556,52744,67881,34830,42953,22091,21882,11317,390031,200928,420,200,606,633273,321094,512,701,0.217829770068576,4.009661835748792,705.9464916708732,0.0,2340,1,1,0,1,0,1,1,0,0,1,0,1,0
75,120,0.25,75,0.0,0,25,18,32,19,22,25,2.2,2.2,2.9,600,900,1.6,110,0.5,290,0.7772727272727273,True,2,1800,800,17776,9381,59486,30678,84021,42962,90084,46204,75208,38653,50796,25897,34921,17811,20369,10332,141427,75613,442,208,1191,457429,234809,376,553,0.1179361179361179,1.7876021143680922,455.0024449877751,0.0,650,1,1,0,0,1,1,0,1,0,1,0,1,0
76,120,1.0,75,0.0,1,25,19,31,21,22,30,2.9,1.6,4.2,450,900,1.9,100,0.46,315,0.7772727272727273,True,4,1800,800,10924,5457,31504,16112,46011,24066,52684,27866,46182,24431,31782,16947,21027,10913,11539,5919,78603,40817,260,123,1041,269376,140771,548,762,0.2604166666666667,5.369458128078818,782.8215767634855,0.0,1994,1,1,0,0,0,1,0,0,0,1,0,1,0
77,120,0.25,75,0.0,0,25,24,29,26,18,23,3.4,1.7,1.7,150,900,1.7,110,0.55,305,0.7772727272727273,True,2,1800,800,2956,1402,7391,3506,8542,4108,8170,3913,6060,2922,4162,2005,2843,1422,1999,1030,26741,13219,66,34,83,49250,23812,522,630,0.164183642444512,5.5406032482598615,476.5818921668362,0.0,4481,1,0,1,1,0,0,1,0,1,0,0,0,1
78,120,0.5,75,0.0,0,25,26,33,23,19,17,3.7,2.0,1.6,150,900,1.7,100,0.35,310,0.7772727272727273,True,2,1800,800,1409,611,3573,1608,4295,2060,4516,2134,3850,1891,2823,1398,2117,1065,1477,793,17542,7966,56,24,67,30357,14490,461,628,0.1275690999291282,3.978919631093544,440.9838998211092,0.0,1354,1,1,1,0,1,1,0,0,1,0,1,1,1
79,120,0.25,75,0.0,0,25,29,33,23,18,22,2.6,2.2,3.6,500,900,1.7,100,0.35,290,0.7772727272727273,True,2,1800,800,2736,1175,8001,3656,11242,5257,12424,5865,10960,5298,7615,3681,4937,2454,2776,1365,27055,12233,124,62,97,66757,31710,359,542,0.1231400718317085,1.536983669548511,439.4795055302537,4.938380281690141,442,0,1,0,0,1,1,0,1,0,1,0,1,0
80,120,0.25,75,0.0,0,25,18,22,18,20,13,2.5,2.8,1.4,550,900,1.6,100,0.33,325,0.7772727272727273,True,2,1800,800,2849,1378,6887,3390,7626,3813,7355,3700,5708,2910,4089,2138,2743,1414,1457,729,18933,7722,51,31,130,43985,22072,511,627,0.1674223927450296,5.577464788732394,472.59564891222806,0.0,5959,1,0,1,0,0,0,1,0,0,1,1,0,0
81,120,0.25,75,0.0,2,25,24,54,24,18,18,3.1,1.8,1.2,150,900,1.7,100,0.5,325,0.7772727272727273,True,2,1800,800,12252,6419,29265,15056,30003,15096,25548,12679,18141,9088,10037,4915,5598,2727,2205,1105,65806,35826,86,43,38,151607,76739,492,695,0.2090592334494773,4.606019614474129,592.3363949483353,0.0,3003,1,1,1,0,1,0,1,0,1,0,0,0,1
82,120,0.25,75,0.25,4,25,29,35,24,17,18,2.2,2.1,1.9,150,900,1.7,100,0.38,320,0.9,True,2,1800,800,4214,2088,9740,4870,10664,5446,9857,5047,7367,3821,5140,2727,3548,2009,2478,1369,38734,18068,53,33,152,60475,31055,571,820,0.2133062468257999,6.859827721221613,556.6749379652606,0.0,4635,1,1,0,1,1,1,1,0,1,0,1,0,0
83,120,0.25,75,0.25,-1,25,60,68,25,15,20,3.4,1.8,1.8,150,900,1.9,100,0.6,280,0.7772727272727273,True,2,1800,800,5926,2871,16289,7786,19920,9638,18975,9203,13639,6551,8003,3828,4489,2149,2107,1023,57138,26566,61,25,21,99790,48074,348,548,0.0858778625954198,1.5897670169026952,370.7549120992761,129.4692144373673,473,0,1,1,1,1,0,0,1,1,0,0,0,1
84,120,1.5,120,0.0,4,25,44,50,23,14,0,4.2,1.5,0.0,150,900,1.7,100,0.3,290,0.7772727272727273,True,2,1800,800,28428,14688,85434,43454,106249,53444,101054,50792,72468,36081,42056,20777,22297,11199,9643,4827,274037,142528,276,150,40,506752,255570,436,625,0.1081081081081081,2.304,524.1733396137541,0.0,598,0,1,1,0,1,1,0,1,1,0,0,0,1
85,120,0.618,75,0.25,1,25,31,39,22,10,27,2.4,1.2,2.8,150,900,1.7,100,0.3,300,0.7772727272727273,True,2,1800,800,14179,7229,42507,21935,53961,27832,51549,26759,38096,19833,23256,11922,14334,7368,7134,3693,94984,48957,186,86,90,264675,136491,416,601,0.1556420233463035,2.646370023419204,423.73493975903614,58.17796610169492,642,0,1,1,0,0,1,0,1,1,0,0,0,1
86,120,0.25,75,0.5,1,25,25,31,21,23,24,2.0,2.5,3.7,550,1125,1.7,100,0.4,290,0.7,True,2,1800,800,17260,8013,58818,27571,93224,44524,111077,53142,100535,48601,69680,33824,44956,21740,23348,11333,288310,137560,510,262,345,546483,261832,401,600,0.1205303334672559,2.5742574257425743,538.6394557823129,0.9521290663845544,474,0,1,0,0,0,1,0,1,0,1,0,1,0
87,120,0.25,75,0.0,0,25,27,31,21,15,20,2.4,1.4,2.9,625,1200,1.7,100,0.4,295,0.7772727272727273,True,2,1800,800,6531,3379,23769,12058,37909,19386,45034,23058,39854,20660,28236,14586,18814,9627,10406,5347,57461,28558,238,110,125,224772,115397,337,536,0.0850259801606046,1.0452961672473866,359.7054009819967,0.0,217,0,1,0,0,1,1,0,1,0,1,0,1,0
88,120,2.0,75,0.0,1,25,26,30,17,18,21,2.7,2.9,2.6,150,900,1.7,100,0.46,310,0.7772727272727273,True,6,1800,800,7785,3845,23044,11579,30095,15327,29886,15344,23618,12116,14222,7244,8113,4141,3636,1830,80854,39944,89,48,165,155541,79101,388,649,0.2099236641221374,1.5344603381014306,620.461247637051,0.0,297,0,1,0,1,1,1,0,0,1,0,1,1,1
89,120,1.0,75,0.0,1,25,23,25,21,21,21,2.4,3.3,2.0,150,900,1.7,110,0.5,330,0.7772727272727273,True,0,1800,800,3583,1781,7040,3407,6254,2783,4812,2205,3248,1472,1891,867,1009,454,614,268,27760,13894,37,20,32,35885,16970,528,677,0.119462419113987,7.316495659037095,405.9039639058975,0.0,2227,1,1,0,1,1,0,1,1,1,0,1,0,0
90,120,0.25,75,0.0,0,25,20,27,18,15,23,2.3,1.6,3.3,600,900,1.7,100,0.3,320,0.7,True,2,1800,800,6131,2785,17016,7917,21187,9960,21800,10404,17298,8258,12426,6049,8432,4101,5457,2744,55194,24509,189,96,232,120934,57393,422,603,0.1074306177260519,3.4406912804399057,541.0609585853886,124.24035506998976,317,0,1,0,0,0,1,0,1,0,1,0,1,0
91,120,0.25,75,0.0,1,25,21,27,17,14,23,3.0,1.6,1.7,500,1200,1.7,100,0.3,320,0.7,True,0,1800,800,5337,2637,14254,7001,16462,8205,15325,7647,12034,6076,7662,3906,5153,2712,2682,1354,54729,27062,86,40,110,86960,43509,287,500,0.0375822110867522,0.5411906193625977,124.93383742911152,402.381838481578,572,0,0,0,1,0,1,0,1,0,1,1,1,1
92,120,0.25,75,0.0,0,25,21,31,22,11,22,2.8,1.3,2.9,600,1400,1.7,110,0.4,285,0.7772727272727273,True,2,1800,800,2899,1464,7292,3674,8209,4226,7304,3760,5830,2989,4193,2240,2952,1534,2338,1213,22569,10434,89,43,178,45940,23484,497,649,0.2015113350125944,4.0,570.1554404145078,14.451487079473427,5401,0,1,1,0,0,1,1,1,0,1,1,1,1
93,120,0.25,75,0.0,0,25,37,43,20,21,16,2.1,1.5,1.9,150,0,1.7,120,0.5,300,0.7,True,2,1800,1800,20129,10564,63258,32292,85996,43292,91032,45155,75201,37316,49819,24627,31678,15633,17593,8775,168731,86348,323,162,621,470313,236250,527,751,0.2143950995405819,5.384615384615385,530.1725760903671,0.0,3030,1,1,0,1,0,1,0,0,1,0,1,0,0
94,120,0.25,75,0.0,-1,25,26,32,0,22,25,0.0,3.6,3.6,600,1200,1.7,100,0.5,275,0.7772727272727273,True,0,1800,800,14303,7693,45497,24644,68279,36868,79565,42134,72094,37516,51022,26093,35285,18036,20599,10100,130928,75817,449,226,811,406047,213382,556,749,0.1321170179301667,6.793917825946296,667.6697736351531,0.0,5423,1,1,1,0,0,0,0,0,0,1,1,0,0
95,120,0.25,75,0.0,-1,25,27,35,21,23,13,2.5,3.3,1.0,500,1200,1.7,100,0.3,290,0.7772727272727273,True,2,1800,800,11917,6235,24126,12671,23974,12320,20418,10355,15307,7592,9849,4854,5762,2836,2668,1321,72484,38911,108,47,150,134877,68946,565,788,0.2079722703639514,6.481927710843373,638.1277123372597,0.0,5274,1,1,1,0,0,0,1,0,0,1,1,0,0
96,120,3.0,75,0.0,-2,25,36,38,27,15,15,4.0,1.0,1.6,150,900,1.7,90,0.3,305,0.7772727272727273,True,4,1800,800,6888,3562,21588,10942,31443,16036,33478,16780,27140,13589,17419,8756,10451,5148,5129,2561,53790,28542,279,143,102,167789,84685,474,650,0.1224989791751735,4.773886433185991,583.4858934169279,0.0,1562,0,1,1,1,1,1,0,0,1,0,0,0,1
97,120,0.5,75,0.5,1,25,30,38,25,12,20,3.1,2.0,2.1,200,900,1.8,100,0.5,305,0.8,True,4,1800,800,8563,3973,36039,16666,66404,31258,86676,41211,82880,39635,59411,28735,39711,19024,20611,9832,152921,69464,392,195,637,420791,200152,443,644,0.1223491027732463,4.193308550185873,446.9362745098039,0.0,526,0,1,0,1,1,1,0,0,1,0,1,1,1
98,120,0.25,75,0.5,0,25,23,27,26,16,23,3.5,1.6,2.7,150,900,1.7,100,0.36,285,0.7772727272727273,True,2,1800,800,8438,3958,20805,9685,25859,11893,26591,12249,22268,10408,15239,7233,10055,4771,5751,2760,54717,25860,177,87,134,149770,69911,486,687,0.2018966044661976,4.648537711646998,696.6973244147157,0.0,784,0,0,1,1,0,1,0,0,1,0,0,0,1
99,120,1.0,75,0.4,1,25,31,37,22,17,14,2.7,1.8,2.8,150,900,1.8,100,0.3,295,0.9,True,2,1800,800,20624,10798,44159,22124,45072,22088,38503,18410,27458,13177,16636,8005,10212,4895,5991,2889,104984,56679,235,126,261,237892,117479,487,686,0.1529745042492918,4.701729615248853,690.308775731311,0.0,2234,1,0,1,0,1,1,0,0,1,0,0,0,1
100,120,1.0,75,0.5,1,25,27,31,23,23,18,3.9,2.1,1.7,150,900,1.7,100,0.36,310,0.7,True,2,1800,800,4863,2202,14163,6329,20358,9310,25064,11740,23062,10891,17277,8348,12536,6098,8008,3923,60192,26681,335,172,128,137208,64268,355,566,0.1169210782721662,1.5835777126099708,392.4657534246575,0.0,307,0,1,0,0,1,1,0,0,1,0,0,0,1
101,120,0.25,75,0.25,-2,25,16,26,21,13,23,2.0,0.8,4.1,625,1000,1.7,90,0.4,325,0.7772727272727273,True,2,1800,800,15404,7938,40942,20883,48320,24369,43720,21835,32097,15894,19615,9751,11302,5532,5967,2974,118030,59125,134,59,83,239900,120593,363,589,0.1729106628242074,1.2798823096726737,601.4956296536095,0.0,396,0,1,0,0,0,1,0,1,0,1,0,1,0
102,120,1.0,75,0.25,0,25,22,32,22,23,18,2.6,1.5,2.0,150,900,1.5,95,0.56,325,0.6,True,2,1800,800,9432,4945,28192,14820,39941,20847,44635,23266,38042,19707,24905,12897,16276,8279,8672,4351,63647,33569,293,141,744,229884,119060,393,603,0.1046389954656435,2.93512938674229,383.7039187227867,54.90716180371353,1094,1,0,1,0,0,0,0,1,1,0,1,1,1
103,120,0.75,75,0.25,0,25,23,33,26,16,23,3.0,1.8,1.6,150,900,1.7,100,0.35,310,0.7772727272727273,True,2,1800,800,2412,1166,6094,3023,7127,3543,7180,3670,5947,3194,4059,2134,3614,1986,2665,1489,27591,13684,76,36,45,46156,23507,392,604,0.1339285714285714,2.57542768273717,492.7439024390244,0.0,752,0,1,1,0,1,1,0,0,1,0,0,0,1
104,120,0.25,75,0.0,0,25,33,37,24,18,20,3.1,1.7,2.2,150,900,1.7,100,0.46,325,0.7772727272727273,True,2,1800,800,25443,13214,77880,40345,101913,52893,102846,53046,80764,41770,50974,25984,30779,15606,15175,7754,141628,66522,263,135,171,525844,271129,490,678,0.2090592334494773,4.461371055495103,691.7174959871589,27.06138441445364,2032,1,1,1,0,1,1,0,0,1,0,0,0,1
105,120,1.0,75,1.0,2,25,20,22,19,14,25,2.6,1.8,2.8,600,900,1.7,90,0.5,300,0.7772727272727273,True,6,1800,800,15280,7394,39767,19070,47886,22737,45800,21344,32904,15044,20040,9142,10551,4810,4650,2097,129405,56961,150,65,122,237978,111862,415,577,0.1593096581480252,2.693409742120344,771.8229348204949,0.0,579,0,1,0,0,0,1,0,0,0,1,1,1,1
106,120,0.5,75,0.0,0,25,33,37,22,22,20,2.6,3.2,2.2,150,900,1.7,100,0.4,300,0.8,True,2,1800,800,5922,2700,20300,9531,32732,15652,40838,20080,40162,19790,30330,15107,21098,10408,12649,6228,69160,31412,344,188,551,216679,105427,533,745,0.2211796246648793,5.367156208277704,787.8453947368421,0.0,1718,1,1,0,1,1,1,0,0,1,0,1,0,0
107,120,1.0,75,0.0,0,25,25,35,22,17,18,3.8,2.4,2.1,150,900,1.7,100,0.35,290,0.7772727272727273,True,2,1800,800,2184,957,6978,3176,10590,5060,12522,6081,11503,5725,8235,4064,5778,2952,3368,1783,35406,15707,65,35,55,66669,32315,393,605,0.135196034249662,2.2502784998143333,513.0484081988661,0.0,348,0,1,1,1,1,1,0,0,1,0,0,0,1
108,120,0.25,75,0.0,3,25,37,43,25,12,17,3.0,1.6,2.3,200,900,1.7,100,0.45,290,0.7772727272727273,True,2,1800,800,4407,2229,13015,6660,17371,8669,20017,10110,16955,8372,11234,5597,7072,3448,3379,1660,43691,22468,134,67,82,102414,51338,468,624,0.1063829787234042,4.566473988439307,551.4386584289497,0.0,1385,0,1,1,1,0,1,0,1,1,0,0,0,1
109,120,1.5,75,0.0,5,25,28,34,18,22,19,2.0,4.0,1.6,150,900,1.5,110,0.3,315,0.8,True,2,1800,800,7323,3533,19091,9184,23310,11059,23403,11096,20583,9817,15756,7659,13165,6612,11560,5727,57766,27718,310,163,444,147257,71011,565,720,0.1859504132231405,7.207488299531981,565.1601208459215,0.0,5891,1,0,0,0,0,1,1,0,1,0,1,0,0
110,120,2.0,75,0.0,-1,25,21,31,23,12,16,3.3,1.5,1.8,525,1100,1.7,100,0.35,280,0.9,True,2,1800,800,3994,1935,14323,7207,22913,11461,27890,14303,25540,12985,19295,9926,13948,7101,8805,4517,46556,22833,250,120,254,146287,74135,408,609,0.1355081555834379,2.7359860586697646,589.1480996068152,45.17150395778364,510,0,1,0,1,1,1,0,1,0,1,0,0,1
111,120,0.25,75,0.5,1,25,13,19,20,15,26,2.4,1.7,3.6,620,900,1.7,100,0.3,295,0.7,True,2,1800,800,4153,2007,13515,6795,20215,10361,23736,12524,20904,10906,14976,8014,10242,5434,5390,2868,53044,27577,115,58,149,120760,62697,328,499,0.1058823529411764,1.0081613058089294,273.1386447405727,310.02785515320335,230,0,1,0,1,0,1,0,1,0,1,0,1,0
112,120,0.25,75,0.5,1,25,14,21,22,16,26,2.5,1.7,3.6,425,700,1.7,100,0.25,285,0.7772727272727273,True,2,1800,1200,7890,4180,23946,12542,31750,16384,32505,17077,26844,14058,18226,9632,12878,6910,7750,4111,59111,30228,157,81,134,173799,91034,358,565,0.0981033355134074,1.786001609010459,487.0094611271082,246.77792041078305,329,0,1,0,0,0,1,0,1,0,1,0,1,0
113,120,0.25,75,0.0,0,25,23,29,20,20,24,2.4,3.0,2.6,625,900,1.7,100,0.3,285,0.7,True,2,1800,800,4900,2307,12429,6004,13714,6660,12138,6035,9351,4647,6121,3087,3681,1831,2073,1029,45136,20539,46,21,162,73630,35814,609,724,0.2121212121212121,5.572519083969466,724.5008460236887,0.0,3371,1,0,0,1,0,1,0,0,0,1,1,1,1
114,120,1.0,75,0.0,2,25,29,33,19,24,20,2.8,3.7,1.8,300,900,1.7,100,0.45,300,0.7772727272727273,True,2,1800,800,14234,6578,36452,16614,47694,21607,51731,23891,44632,20885,32333,15391,22777,10933,13930,6817,121109,57661,367,215,629,287952,134137,521,705,0.2123893805309734,5.32555879494655,672.4505928853755,0.0,2237,1,1,0,1,1,0,0,0,1,0,1,0,0
119,120,0.75,75,0.0,0,25,27,35,20,18,21,2.0,1.6,3.5,475,1200,1.5,115,0.3,290,0.7,True,2,1800,800,9678,4585,23338,11104,29122,14107,29087,14069,24532,12074,17505,8638,12203,6049,7394,3710,80413,38758,251,126,104,165824,80733,364,574,0.1494565217391304,1.536885245901639,486.0812704343765,0.0,542,0,1,0,1,0,1,0,1,0,1,0,1,0
120,120,1.25,75,0.0,2,25,28,34,19,18,16,2.7,3.2,2.2,150,900,1.7,100,0.33,295,0.9,True,2,1800,800,2711,1234,7555,3356,10917,4938,13076,5948,13434,6138,11010,5087,8599,3976,5656,2643,29455,12611,229,113,307,79710,36419,513,711,0.171796707229778,5.478355765732994,587.7256602286164,0.0,1088,1,1,1,1,1,1,0,0,1,0,1,1,1
121,120,0.25,75,0.0,0,25,21,25,21,18,25,2.4,1.9,3.8,600,900,1.7,100,0.35,290,0.7772727272727273,True,0,1800,800,6491,3212,19450,9718,26580,13258,27720,13810,22624,11252,14862,7353,8963,4446,4170,2047,53237,26528,136,66,48,141127,70048,360,572,0.1013513513513513,1.7255717255717256,404.3865276663993,2.931896883416699,334,0,1,0,1,0,1,0,1,0,1,0,1,0
123,120,0.25,75,0.0,0,25,22,29,17,25,21,2.0,3.6,2.9,575,1800,2.0,100,0.4,310,0.9,True,4,1800,800,10736,5055,28187,13348,34345,16011,34059,15891,26396,12417,16995,7876,9825,4580,5374,2581,87004,40154,183,91,31,181594,85197,382,582,0.1294033069734004,2.334038054968288,481.28804870233904,0.0,480,0,1,0,1,0,1,0,1,0,1,1,0,0
126,120,0.25,75,0.6,-1,25,22,26,22,19,24,2.6,2.2,3.1,200,900,1.7,100,0.35,290,0.7,True,2,1800,800,4237,2066,10364,5054,13762,6871,15268,7701,13173,6695,8834,4403,5454,2709,2729,1355,45514,22500,93,44,151,83323,41475,486,713,0.2029769959404601,4.46067898581865,638.2237600922722,0.0,1541,1,1,0,1,0,1,0,0,1,0,1,1,1
128,120,0.75,75,0.0,1,25,25,31,21,16,21,3.5,1.9,2.2,400,1800,1.8,100,0.35,300,0.7772727272727273,True,2,1800,800,5876,2773,16808,7927,24209,11446,27465,13062,23487,11238,15484,7329,9677,4630,5083,2420,57843,26425,205,102,91,138909,65924,404,578,0.152027027027027,2.6199842643587723,536.4996568291009,4.515352197471403,1238,0,1,0,1,0,1,0,1,0,1,1,1,1
129,120,0.25,75,0.5,-1,25,26,34,23,20,21,3.7,1.7,2.2,250,900,1.8,100,0.4,310,0.8,True,2,1800,800,6674,3159,23023,10899,37525,17857,47391,22668,45592,21905,35347,17065,24939,11890,14906,7167,77803,38541,413,202,299,249549,119612,467,641,0.1340782122905028,4.545047064096818,503.5879036391594,0.0,979,1,1,1,0,1,0,0,0,1,0,0,0,1
131,120,0.25,75,0.0,1,25,23,33,21,13,25,2.1,1.4,3.0,575,1200,1.7,100,0.5,310,0.6,True,2,1800,800,3813,1786,12772,5983,22013,10516,29325,14034,29659,14003,23863,11494,18554,9027,12845,6298,44487,20230,392,220,198,159406,76227,338,529,0.0976006506710044,1.3219424460431657,441.31386861313865,16.64091093940626,223,0,1,0,1,0,1,0,1,0,1,0,1,0
135,120,0.5,75,0.0,2,25,29,33,25,14,20,3.4,1.7,2.0,150,900,1.7,100,0.46,300,0.6,True,2,1800,800,5389,2681,16678,8306,27488,14088,35620,18172,33712,17241,25552,13094,18975,9858,11323,5822,50794,25306,252,122,274,185912,95092,500,673,0.1638704642996488,5.273885350318471,607.1947911014651,96.08503100088572,1376,1,0,1,0,0,0,0,0,1,0,0,0,1
136,120,0.25,75,0.0,0,25,29,33,23,20,19,3.0,1.8,1.9,150,0,1.7,100,0.3,315,0.9,True,2,1800,800,7710,3575,19354,8890,26062,11999,28282,12913,25321,11735,18510,8630,12847,5887,7939,3730,63451,28062,172,88,162,161989,74913,426,608,0.1924839596700275,3.1691648822269807,479.82820329277024,3.4978843441466854,1298,1,1,0,1,1,0,0,1,1,0,1,1,1
137,120,0.25,75,0.0,2,25,36,38,26,15,16,4.3,1.0,1.7,150,900,1.8,100,0.6,305,0.6,True,2,1800,800,3235,1514,8859,4112,11316,5356,11469,5319,9191,4289,6374,2977,4096,1921,2417,1143,37533,18602,96,39,94,64068,29974,442,618,0.1457725947521866,3.895907023749369,588.5888077858881,0.0,976,0,1,1,0,1,0,0,0,1,0,0,0,1
138,120,0.25,75,0.0,0,25,24,32,19,20,23,2.0,2.7,3.4,575,3000,1.7,115,0.35,295,0.7,True,2,1800,800,6801,3292,15063,7223,20641,9880,24341,11628,24020,11533,18891,9052,14137,6757,8412,3935,71435,36969,279,141,196,144624,69482,424,609,0.1182033096926713,3.4407872412623006,553.0232558139535,0.0,1154,1,1,0,0,0,1,0,0,0,1,0,1,0
145,120,1.0,75,0.0,1,25,23,29,19,27,18,2.6,3.5,1.7,225,900,2.0,100,0.35,315,1.0,False,2,1800,800,6327,2946,14862,6811,19394,8705,21024,9668,18821,8527,14715,6849,10165,4748,5931,2848,65659,30278,6,2,15,121518,55930,553,772,0.2421796165489404,5.6219178082191785,707.5092936802974,0.0,2740,1,1,0,1,0,0,0,0,1,0,1,0,0
