id,name,primary_attr,attack_type,roles,img,icon,base_health,base_health_regen,base_mana,base_mana_regen,base_armor,base_mr,base_attack_min,base_attack_max,base_str,base_agi,base_int,str_gain,agi_gain,int_gain,attack_range,projectile_speed,attack_rate,base_attack_time,attack_point,move_speed,turn_rate,cm_enabled,legs,day_vision,night_vision,localized_name,1_pick,1_win,2_pick,2_win,3_pick,3_win,4_pick,4_win,5_pick,5_win,6_pick,6_win,7_pick,7_win,8_pick,8_win,turbo_picks,turbo_picks_trend,turbo_wins,turbo_wins_trend,pro_pick,pro_win,pro_ban,pub_pick,pub_pick_trend,pub_win,pub_win_trend,gold_per_min,xp_per_min,kills_per_min,last_hits_per_min,hero_damage_per_min,hero_healing_per_min,tower_damage
1,npc_dota_hero_antimage,agi,Melee,"Carry,Escape,Nuker",/apps/dota2/images/dota_react/heroes/antimage.png?,/apps/dota2/images/dota_react/heroes/icons/antimage.png?,120,1.0,75,0.0,1,25,29,33,21,24,12,1.6,2.8,1.8,150,0,1.4,100,0.3,310,,True,2,1800,800,Anti-Mage,20237,10317,62791,32208,84067,42891,84706,43467,66506,33803,42756,21719,26150,13155,13499,6742,146213,"26171,21499,22339,23000,25496,24307,3401",76498,"13634,11416,11707,11877,13365,12690,1809",158,89,519,432410,"76763,64953,64980,67039,74938,72339,11398",220278,"39375,33202,33031,34005,38172,36794,5699",624,881,0.2254697286012526,8.0,556.7989417989418,6.9913355243501645,5136
2,npc_dota_hero_axe,str,Melee,"Initiator,Durable,Disabler,Carry",/apps/dota2/images/dota_react/heroes/axe.png?,/apps/dota2/images/dota_react/heroes/icons/axe.png?,120,2.5,75,0.0,0,25,31,35,25,20,18,2.8,1.7,1.6,150,900,1.7,100,0.4,315,,True,2,1800,800,Axe,24123,12784,69345,36028,88477,45539,86756,43957,65600,33458,40844,20521,23872,12057,10336,5245,152645,"27728,22386,22554,23270,26426,26161,4120",78774,"14248,11595,11668,12030,13701,13485,2047",220,103,243,444808,"79183,65485,65719,67723,77941,75587,13170",228231,"40600,33470,33759,34729,39921,38889,6863",491,679,0.22710068130204392,4.483430799220272,703.6252129471891,2.1973365617433416,765
3,npc_dota_hero_bane,all,Ranged,"Support,Disabler,Nuker,Durable",/apps/dota2/images/dota_react/heroes/bane.png?,/apps/dota2/images/dota_react/heroes/icons/bane.png?,120,0.25,75,0.0,1,25,24,30,23,23,23,2.7,2.7,2.7,400,900,1.7,100,0.3,305,,True,4,1800,1200,Bane,3554,1678,8720,4172,10755,5192,11156,5597,9043,4552,6290,3221,4334,2209,2760,1434,30881,"5645,4524,4585,4828,5361,5112,826",14266,"2581,2038,2125,2265,2512,2374,371",89,50,62,63695,"11586,9605,9270,9772,11141,10631,1690",31325,"5687,4794,4566,4816,5438,5199,825",327,531,0.09646302250803858,1.0247933884297522,371.30946986859993,3.0889621087314665,407
4,npc_dota_hero_bloodseeker,agi,Melee,"Carry,Disabler,Nuker,Initiator",/apps/dota2/images/dota_react/heroes/bloodseeker.png?,/apps/dota2/images/dota_react/heroes/icons/bloodseeker.png?,120,0.25,75,0.0,2,25,35,41,24,24,17,2.7,3.1,2.0,150,900,1.7,100,0.43,285,,True,2,1800,800,Bloodseeker,11681,6047,22151,11198,22498,11599,18970,9747,13401,6894,7589,3795,4178,2103,1781,872,63442,"11538,9499,9592,9685,11054,10521,1553",30759,"5660,4597,4637,4729,5292,5084,760",50,24,37,122402,"21966,18351,18293,18803,21007,20022,3960",62389,"11124,9272,9402,9538,10763,10213,2077",537,760,0.22443890274314213,5.603751465416178,690.5474964904071,5.809334657398212,2356
5,npc_dota_hero_crystal_maiden,int,Ranged,"Support,Disabler,Nuker",/apps/dota2/images/dota_react/heroes/crystal_maiden.png?,/apps/dota2/images/dota_react/heroes/icons/crystal_maiden.png?,120,0.25,75,0.0,0,25,30,36,17,16,18,2.2,1.8,3.3,600,900,1.7,100,0.45,280,,True,2,1800,800,Crystal Maiden,20133,10413,50028,25286,58390,28974,55206,27199,41520,20161,26121,12741,16021,7660,8152,3984,131813,"23871,19230,19152,20373,23421,22308,3458",65977,"11938,9647,9613,10163,11723,11176,1717",179,98,36,301940,"54223,44298,43990,46141,53313,50854,9121",150044,"26993,22025,21882,22841,26533,25257,4513",348,550,0.09437672040896579,1.5751211631663975,394.31554524361945,3.9607312119160456,326
6,npc_dota_hero_drow_ranger,agi,Ranged,"Carry,Disabler,Pusher",/apps/dota2/images/dota_react/heroes/drow_ranger.png?,/apps/dota2/images/dota_react/heroes/icons/drow_ranger.png?,120,0.25,75,0.0,0,25,29,36,16,22,15,1.9,2.9,1.4,625,1250,1.7,100,0.5,310,0.7,True,2,1800,800,Drow Ranger,23468,11567,55907,27811,68558,34189,67340,33883,52496,26469,32968,16658,20030,10116,8745,4370,207896,"37569,31167,30809,31965,35948,35293,5145",110373,"19898,16557,16317,17200,19202,18493,2706",158,70,167,364910,"65382,54493,53729,56152,63692,61632,9830",182479,"32691,27172,26928,28078,31943,30837,4830",576,746,0.2092212320805889,6.6688332791680205,676.9609261939219,11.6335433834222,5405
7,npc_dota_hero_earthshaker,str,Melee,"Support,Initiator,Disabler,Nuker",/apps/dota2/images/dota_react/heroes/earthshaker.png?,/apps/dota2/images/dota_react/heroes/icons/earthshaker.png?,120,1.0,75,0.0,2,25,27,37,22,12,18,3.7,1.4,2.1,150,0,1.7,100,0.467,315,0.9,True,2,1800,800,Earthshaker,23897,11736,65378,31942,87125,43416,94431,47464,83316,42507,59014,30849,39489,20515,22447,11790,208447,"37026,31003,31448,32945,36227,34666,5132",100321,"17782,14953,15050,15962,17411,16684,2479",281,146,215,514092,"89996,77345,76686,80198,89149,85811,14907",259470,"45377,39107,38631,40310,45255,43301,7489",469,740,0.1701093560145808,4.2529711375212225,642.0873786407767,3.312720848056537,944
8,npc_dota_hero_juggernaut,agi,Melee,"Carry,Pusher,Escape",/apps/dota2/images/dota_react/heroes/juggernaut.png?,/apps/dota2/images/dota_react/heroes/icons/juggernaut.png?,120,0.5,75,0.0,0,25,22,24,20,34,14,2.0,2.8,1.4,150,0,1.4,110,0.33,300,,True,2,1800,800,Juggernaut,26409,13835,73163,38330,95309,50821,95832,51169,74360,39533,45008,23895,25620,13395,10345,5411,219350,"39060,32186,32493,33847,38464,37369,5931",116967,"20850,17093,17452,18088,20481,19797,3206",181,88,125,487690,"86033,71596,72320,74380,85721,82626,15014",257994,"45494,38023,38043,39345,45252,43753,8084",613,829,0.2382002646669607,7.523286362550753,706.5593376264949,117.78120184899846,5715
9,npc_dota_hero_mirana,agi,Ranged,"Carry,Support,Escape,Nuker,Disabler",/apps/dota2/images/dota_react/heroes/mirana.png?,/apps/dota2/images/dota_react/heroes/icons/mirana.png?,120,0.25,75,0.4,-2,25,22,28,20,26,22,2.2,3.1,1.9,630,900,1.7,100,0.35,285,,True,2,1800,800,Mirana,8442,4290,24125,12095,30863,15558,29810,15099,22657,11596,14016,7076,7882,4042,3868,1955,71662,"13234,10590,10597,10864,12353,11938,2086",37156,"6868,5419,5538,5603,6412,6226,1090",88,35,20,155906,"27782,23552,23300,23669,27198,25670,4735",78913,"14125,11815,11745,12065,13888,12918,2357",388,580,0.11995201919232307,2.5537190082644625,406.08365019011404,3.897186523098298,797
10,npc_dota_hero_morphling,agi,Ranged,"Carry,Escape,Durable,Nuker,Disabler",/apps/dota2/images/dota_react/heroes/morphling.png?,/apps/dota2/images/dota_react/heroes/icons/morphling.png?,120,0.5,75,0.5,-2,25,12,21,23,24,19,3.2,3.9,1.8,350,1300,1.5,100,0.5,285,0.7,True,0,1800,800,Morphling,12089,6086,38125,19384,55419,28429,63615,32468,58062,30063,44808,23438,33395,17727,23262,12432,116110,"20252,17101,17602,18390,20392,19909,2464",57846,"10111,8546,8873,9182,10069,9862,1203",298,160,617,346705,"59660,52131,52043,54849,60335,59091,8596",178940,"30773,26892,26982,28542,30851,30523,4377",616,801,0.2097902097902098,7.866507747318236,607.1284524331434,24.505723204994794,8869
11,npc_dota_hero_nevermore,agi,Ranged,"Carry,Nuker",/apps/dota2/images/dota_react/heroes/nevermore.png?,/apps/dota2/images/dota_react/heroes/icons/nevermore.png?,120,0.25,75,0.3,1,25,16,22,19,25,18,2.7,3.5,2.2,525,1200,1.6,100,0.5,305,0.9,True,0,1800,800,Shadow Fiend,19602,9544,51621,25059,63643,30870,60155,28926,46262,22082,29245,14116,17382,8349,8711,4114,198370,"35439,29080,30402,31926,34473,33539,3511",93968,"16954,13754,14381,15186,16269,15794,1630",222,112,158,328125,"58115,48562,49159,51349,57227,55705,8008",157997,"27989,23297,23732,24600,27594,26912,3873",573,779,0.21676300578034682,6.798373038930855,676.0526315789474,2.0313942751615883,2610
12,npc_dota_hero_phantom_lancer,agi,Melee,"Carry,Escape,Pusher,Nuker",/apps/dota2/images/dota_react/heroes/phantom_lancer.png?,/apps/dota2/images/dota_react/heroes/icons/phantom_lancer.png?,120,1.5,75,0.0,0,25,26,36,21,26,21,2.2,2.8,1.8,225,900,1.7,110,0.5,285,,True,2,1800,800,Phantom Lancer,11136,5665,24695,12103,23299,11082,18716,8720,11943,5413,6151,2798,3260,1480,1601,729,70531,"12608,10232,10596,11204,12388,11811,1692",36816,"6539,5320,5502,5903,6442,6205,905",32,9,44,116514,"20744,17272,17160,18211,20434,19537,3156",55787,"9992,8206,8206,8761,9795,9368,1459",547,748,0.1792573623559539,6.389776357827476,565.3495440729483,28.97933227344992,3922
13,npc_dota_hero_puck,int,Ranged,"Initiator,Disabler,Escape,Nuker",/apps/dota2/images/dota_react/heroes/puck.png?,/apps/dota2/images/dota_react/heroes/icons/puck.png?,120,0.5,75,0.5,0,25,22,30,17,14,23,2.4,2.5,3.8,550,900,1.7,100,0.5,290,0.9,True,2,1800,800,Puck,6785,3163,21137,10051,33104,15992,41675,20556,39402,19845,29533,14987,21163,10700,12650,6443,70665,"12309,11401,10516,10869,12007,11917,1646",33803,"5864,5563,4954,5189,5718,5718,797",235,122,674,219015,"38143,33626,32929,33807,37951,36675,5884",108132,"18918,16670,16214,16748,18671,18047,2864",541,770,0.20985691573926868,5.658880564125165,742.1449518223712,2.7688289072703527,2125
14,npc_dota_hero_pudge,str,Melee,"Disabler,Initiator,Durable,Nuker",/apps/dota2/images/dota_react/heroes/pudge.png?,/apps/dota2/images/dota_react/heroes/icons/pudge.png?,120,2.5,75,0.0,0,25,45,51,25,11,16,3.0,1.4,1.8,175,0,1.7,100,0.5,280,0.7,True,2,1800,800,Pudge,40055,20952,118295,60353,146697,74419,143713,72186,114312,57242,77607,38781,53505,26774,30993,15549,466935,"84115,69368,69678,73024,81068,77524,12158",237670,"42934,35299,35435,37064,41211,39608,6119",364,187,218,782746,"138936,117080,116381,120307,136724,130993,22325",396554,"70384,59277,59132,60938,69039,66543,11241",392,593,0.16371077762619374,2.2388059701492535,498.49775784753365,4.854614412136536,396
15,npc_dota_hero_razor,agi,Ranged,"Carry,Durable,Nuker,Pusher",/apps/dota2/images/dota_react/heroes/razor.png?,/apps/dota2/images/dota_react/heroes/icons/razor.png?,120,1.0,75,0.0,0,25,23,25,22,24,21,2.8,2.8,2.2,475,2000,1.7,100,0.3,280,,True,0,1800,800,Razor,12240,6171,27002,13694,31005,15384,30096,14798,23665,11552,14858,7191,8694,4194,3936,1888,80740,"14400,11999,11757,12515,14259,13588,2222",41041,"7306,6006,5944,6482,7263,6905,1135",107,43,93,170525,"30250,24925,24506,26253,30155,29063,5373",84454,"14929,12312,12145,12946,14913,14473,2736",523,725,0.21739130434782608,5.1923076923076925,773.8167938931298,1.889763779527559,2327
16,npc_dota_hero_sand_king,all,Melee,"Initiator,Disabler,Support,Nuker,Escape",/apps/dota2/images/dota_react/heroes/sand_king.png?,/apps/dota2/images/dota_react/heroes/icons/sand_king.png?,120,0.25,75,0.0,1,25,19,29,22,19,17,2.3,2.0,2.0,150,900,1.7,110,0.53,290,,True,6,1800,800,Sand King,9634,5003,26098,13464,35605,17820,40190,19916,37318,18474,28014,13468,19940,9588,12218,5804,79898,"14566,12001,11735,12299,14012,13095,2190",41421,"7473,6251,6143,6468,7249,6698,1139",336,164,348,225583,"38961,34076,33081,34928,39936,38188,6413",112012,"19427,16800,16544,17251,19677,19142,3171",501,688,0.15526802218114602,5.299347954949615,687.9458598726115,1.002227171492205,450
17,npc_dota_hero_storm_spirit,int,Ranged,"Carry,Escape,Nuker,Initiator,Disabler",/apps/dota2/images/dota_react/heroes/storm_spirit.png?,/apps/dota2/images/dota_react/heroes/icons/storm_spirit.png?,120,0.5,75,0.0,1,25,24,34,21,22,23,2.0,2.6,3.9,480,1100,1.6,115,0.5,285,0.8,True,2,1800,800,Storm Spirit,11804,5672,31979,15354,44028,21267,47835,23510,41195,20260,29020,14133,19495,9538,11532,5626,106563,"18902,15752,16005,16805,18532,18084,2483",52510,"9288,7812,7874,8267,9127,8908,1234",262,126,484,254723,"44303,38108,38208,39284,44348,43403,7069",124079,"21572,18470,18701,19357,21657,20904,3418",533,761,0.22784810126582278,5.699257425742575,619.8331595411887,2.862098872506505,1561
18,npc_dota_hero_sven,str,Melee,"Carry,Disabler,Initiator,Durable,Nuker",/apps/dota2/images/dota_react/heroes/sven.png?,/apps/dota2/images/dota_react/heroes/icons/sven.png?,120,0.75,75,0.0,0,25,37,39,23,18,16,3.5,2.2,1.5,150,0,1.9,110,0.4,325,,True,2,1800,800,Sven,9107,4398,22031,10633,26184,12817,25147,12281,19589,9554,12954,6376,8035,3808,4329,2040,57784,"10494,8782,8493,8711,10004,9669,1631",28980,"5257,4385,4259,4332,5067,4848,832",131,64,70,143931,"25987,21494,21364,22148,24874,23706,4358",70289,"12670,10505,10412,10879,12129,11598,2096",600,813,0.20606754436176303,7.872137404580153,650.0982658959538,11.787819253438114,3949
19,npc_dota_hero_tiny,str,Melee,"Carry,Nuker,Pusher,Initiator,Durable,Disabler",/apps/dota2/images/dota_react/heroes/tiny.png?,/apps/dota2/images/dota_react/heroes/icons/tiny.png?,120,2.0,75,0.0,0,25,31,37,30,0,17,4.0,0.0,2.2,150,900,1.7,90,0.4,275,,True,2,1800,800,Tiny,11434,5344,31162,14392,42383,19463,50034,23211,46388,21579,35607,16631,26118,12283,17706,8264,90024,"16683,13616,13459,13775,15403,14869,2219",39987,"7460,6088,5853,6162,6874,6578,972",518,260,496,281213,"50520,43208,42239,43081,48267,46058,7840",130828,"23456,20269,19639,19879,22521,21402,3662",520,716,0.1761467889908257,5.676485272091862,639.4322344322345,3.8961038961038956,2462
20,npc_dota_hero_vengefulspirit,agi,Ranged,"Support,Initiator,Disabler,Nuker,Escape",/apps/dota2/images/dota_react/heroes/vengefulspirit.png?,/apps/dota2/images/dota_react/heroes/icons/vengefulspirit.png?,120,0.25,75,0.0,0,25,26,32,20,21,19,2.6,3.2,1.5,400,1500,1.7,110,0.33,295,,True,2,1800,800,Vengeful Spirit,8984,4694,27033,14017,37824,20019,40751,21524,33552,17692,21420,11210,12464,6568,5563,2843,86632,"15888,12663,12722,13086,15213,14753,2307",47769,"8792,6955,7030,7296,8372,8110,1214",191,95,46,203378,"36613,30035,29814,31266,35681,34164,5805",106611,"19309,15848,15711,16379,18587,17774,3003",353,600,0.09385474860335195,1.4502865686518813,389.8181818181818,3.650546021840874,671
21,npc_dota_hero_windrunner,all,Ranged,"Carry,Support,Disabler,Escape,Nuker",/apps/dota2/images/dota_react/heroes/windrunner.png?,/apps/dota2/images/dota_react/heroes/icons/windrunner.png?,120,0.25,75,0.25,0,25,21,33,18,17,18,2.6,1.7,3.2,600,1250,1.5,90,0.4,290,0.8,True,2,1800,800,Windranger,19439,9254,49549,23399,65318,30840,69026,32581,59106,27954,41055,19241,26705,12630,15285,7223,156244,"28520,23189,23502,24267,26899,25914,3953",75783,"13757,11295,11416,11849,12960,12598,1908",342,166,279,374154,"66359,56579,56084,57520,65021,62313,10278",177204,"31590,26609,26429,27380,30890,29411,4895",420,622,0.19342359767891681,2.991623454327882,501.58842443729907,4.6970267218667665,1495
22,npc_dota_hero_zuus,int,Ranged,"Nuker,Carry",/apps/dota2/images/dota_react/heroes/zuus.png?,/apps/dota2/images/dota_react/heroes/icons/zuus.png?,120,0.25,75,0.0,2,25,33,41,19,11,22,2.1,1.2,3.3,380,1100,1.7,100,0.35,315,,True,2,1800,800,Zeus,21507,10727,57856,29246,74735,37544,77212,38126,61901,30845,40234,19942,25359,12570,13730,6799,210978,"37964,31815,31592,32434,36377,35381,5415",104416,"18869,15584,15614,16093,18160,17410,2686",237,126,158,406150,"73104,61016,60439,61861,70368,67743,11619",202357,"36555,30496,30053,30676,35134,33771,5672",444,637,0.17467248908296945,3.1254585473220837,877.574047954866,1.9551616266944736,350
23,npc_dota_hero_kunkka,str,Melee,"Carry,Support,Disabler,Initiator,Durable,Nuker",/apps/dota2/images/dota_react/heroes/kunkka.png?,/apps/dota2/images/dota_react/heroes/icons/kunkka.png?,120,0.75,75,0.0,2,25,30,36,24,14,18,3.6,1.6,1.8,150,900,1.7,100,0.4,315,,True,2,1800,800,Kunkka,8094,3825,23435,11290,32972,16155,38301,18992,35149,17427,24678,12274,16544,8074,9486,4671,60697,"11237,9447,8998,9277,10401,9722,1615",28560,"5252,4421,4258,4409,4905,4547,768",263,125,290,203192,"36242,31413,30517,31062,35467,32558,5933",99968,"17731,15338,15051,15234,17570,16072,2972",528,704,0.14395393474088292,5.977653631284917,649.3333333333334,3.8032454361054766,1215
25,npc_dota_hero_lina,int,Ranged,"Support,Carry,Nuker,Disabler",/apps/dota2/images/dota_react/heroes/lina.png?,/apps/dota2/images/dota_react/heroes/icons/lina.png?,120,0.25,75,0.0,0,25,21,29,20,23,30,2.4,2.4,3.8,670,1000,1.6,100,0.65,290,,True,2,1800,800,Lina,17028,7592,35205,15597,39886,17617,36283,16126,25777,11523,14298,6403,7262,3155,2676,1175,109778,"19756,16984,16119,16765,18966,18554,2634",48738,"8769,7590,7232,7407,8417,8166,1157",129,57,102,204888,"36504,30790,30195,30725,35906,34146,6622",91173,"16219,13755,13466,13736,15866,15152,2979",507,707,0.1938610662358643,5.269607843137255,635.8002936857562,2.5686591276252018,2508
26,npc_dota_hero_lion,int,Ranged,"Support,Disabler,Nuker,Initiator",/apps/dota2/images/dota_react/heroes/lion.png?,/apps/dota2/images/dota_react/heroes/icons/lion.png?,120,0.5,75,0.0,0,25,29,35,18,15,19,2.4,1.7,3.5,600,900,1.7,115,0.43,290,,True,2,1800,800,Lion,35378,17622,107721,53058,142394,69749,145667,72011,114765,56794,72721,36011,43497,21659,19960,10051,322390,"57843,48009,47836,49661,56221,54385,8435",156648,"28023,23291,23356,24088,27506,26351,4033",415,190,166,731437,"130300,108923,108660,111653,127537,122835,21529",361745,"64225,54064,53864,54836,63120,60928,10708",347,563,0.13374944271065536,1.2051649928263988,361.95,3.4002361275088546,264
27,npc_dota_hero_shadow_shaman,int,Ranged,"Support,Pusher,Disabler,Nuker,Initiator",/apps/dota2/images/dota_react/heroes/shadow_shaman.png?,/apps/dota2/images/dota_react/heroes/icons/shadow_shaman.png?,120,1.0,75,0.0,3,25,40,47,20,16,25,2.3,1.6,3.5,400,900,1.7,100,0.3,285,,True,2,1800,800,Shadow Shaman,25988,13724,71677,37373,89607,46909,88213,45999,70442,37076,46128,24235,29920,15792,15987,8433,144014,"26313,21271,21190,22243,25054,24245,3698",74595,"13689,11085,11022,11500,12882,12540,1877",449,248,368,472172,"84628,70384,69884,71703,82502,78795,14276",247438,"44259,36823,36654,37754,43165,41282,7501",360,541,0.09090909090909091,1.76536312849162,343.125,2.8100412139378044,2311
28,npc_dota_hero_slardar,str,Melee,"Carry,Durable,Initiator,Disabler,Escape",/apps/dota2/images/dota_react/heroes/slardar.png?,/apps/dota2/images/dota_react/heroes/icons/slardar.png?,120,0.5,75,0.0,3,25,30,38,21,17,15,3.6,2.1,1.5,150,0,1.7,100,0.36,300,,True,0,1800,800,Slardar,11851,6039,30590,15317,36340,18210,35180,17668,27517,13775,17352,8812,10664,5414,5357,2737,68656,"12104,10080,10173,10906,11844,11661,1888",36252,"6453,5293,5337,5667,6286,6207,1009",192,101,129,194443,"34255,28819,29166,29948,33900,32535,5820",98097,"17231,14545,14762,15176,17111,16338,2934",460,673,0.16787912702853944,4.149443561208266,464.5054945054945,2.397561801557738,1141
29,npc_dota_hero_tidehunter,str,Melee,"Initiator,Durable,Disabler,Nuker,Carry",/apps/dota2/images/dota_react/heroes/tidehunter.png?,/apps/dota2/images/dota_react/heroes/icons/tidehunter.png?,120,0.25,75,0.5,0,25,25,31,27,15,20,3.6,1.5,1.7,150,900,1.7,100,0.6,300,,True,2,1800,800,Tidehunter,10458,5254,32940,16853,47172,24080,51079,26177,42854,21793,29186,14819,19221,9890,9814,4982,75238,"13615,11110,11120,11855,13040,12614,1884",39756,"7201,5878,5897,6344,6839,6610,987",328,157,315,259396,"46436,38434,38168,39878,45403,43887,7190",132211,"23661,19555,19430,20337,23289,22324,3615",466,649,0.11063306699446834,4.791481810115351,488.7628865979381,26.488586692569207,1472
30,npc_dota_hero_witch_doctor,int,Ranged,"Support,Nuker,Disabler",/apps/dota2/images/dota_react/heroes/witch_doctor.png?,/apps/dota2/images/dota_react/heroes/icons/witch_doctor.png?,120,0.25,75,0.0,0,25,26,36,20,13,22,2.1,1.4,3.1,550,1200,1.7,100,0.4,300,,True,2,1800,800,Witch Doctor,28145,15028,86271,46389,111836,59141,111659,58346,83656,43265,50183,25340,27637,13758,11127,5396,225218,"40963,33617,33697,34728,38786,37656,5771",120687,"21916,18070,18106,18464,20750,20285,3096",211,98,125,546038,"98712,81516,81122,82873,95292,91126,15397",285354,"51743,42524,42383,43374,49707,47436,8187",401,575,0.17136736879685827,1.8342262842735582,554.2256637168142,86.19854721549636,338
31,npc_dota_hero_lich,int,Ranged,"Support,Nuker",/apps/dota2/images/dota_react/heroes/lich.png?,/apps/dota2/images/dota_react/heroes/icons/lich.png?,120,0.5,75,0.75,-1,25,24,33,20,17,26,2.1,2.0,3.8,550,900,1.7,100,0.46,290,0.7,True,2,1800,800,Lich,13203,6995,36650,19057,49002,25103,51138,25969,41293,20968,25875,13025,14800,7260,5646,2716,86004,"15827,12416,12813,13097,15121,14500,2230",45220,"8360,6478,6711,6909,7954,7614,1194",154,85,72,255833,"45974,37886,37607,38715,44622,43524,7505",130426,"23331,19434,19201,19692,22869,22117,3782",363,551,0.12257405515832483,1.557377049180328,488.2922954725973,3.5444234404536865,298
32,npc_dota_hero_riki,agi,Melee,"Carry,Escape,Disabler",/apps/dota2/images/dota_react/heroes/riki.png?,/apps/dota2/images/dota_react/heroes/icons/riki.png?,120,2.5,75,0.0,0,25,22,26,18,30,14,2.0,2.4,1.3,150,900,1.7,90,0.3,315,,True,2,1800,800,Riki,14248,7026,32004,15979,35375,17433,32198,15712,23936,11486,14897,7171,8750,4134,4557,2203,101843,"19012,15427,15242,15647,17280,16806,2429",50288,"9357,7611,7660,7753,8464,8226,1217",109,52,97,188375,"33845,28775,28246,28802,32428,31200,5079",92277,"16611,14127,13803,14230,15794,15226,2486",486,763,0.2366863905325444,3.799668874172186,554.7252747252746,3.5971223021582737,939
33,npc_dota_hero_enigma,all,Ranged,"Disabler,Initiator,Pusher",/apps/dota2/images/dota_react/heroes/enigma.png?,/apps/dota2/images/dota_react/heroes/icons/enigma.png?,120,0.25,75,0.5,1,25,19,25,21,14,19,2.5,1.0,3.6,500,900,1.7,100,0.4,280,,True,0,1800,800,Enigma,5471,2698,14997,7426,17995,8869,16514,8209,11871,5873,7110,3539,4159,2141,2272,1220,70269,"12862,10385,10255,11031,12095,11929,1712",35168,"6421,5233,5026,5463,6098,6036,891",66,37,81,90486,"16604,13257,13132,13968,15879,15244,2402",44813,"8169,6561,6521,6950,7762,7608,1242",385,552,0.09615384615384615,2.6345328491251236,554.2117834394904,1.8815855494229803,1657
34,npc_dota_hero_tinker,int,Ranged,"Carry,Nuker,Pusher",/apps/dota2/images/dota_react/heroes/tinker.png?,/apps/dota2/images/dota_react/heroes/icons/tinker.png?,120,0.25,75,0.5,4,25,22,28,19,17,30,2.3,1.4,3.3,500,900,1.7,100,0.35,310,,True,2,1800,800,Tinker,9317,4310,30649,15029,42686,21488,47152,24034,42058,21569,31162,15983,22614,11779,14338,7593,98032,"17778,14856,14967,15574,17115,15755,1987",46098,"8357,6952,7024,7312,8033,7455,965",226,114,842,256485,"46085,38395,38408,39710,44724,42790,6373",129673,"23327,19338,19409,19943,22737,21679,3240",571,812,0.14240506329113925,7.161159811193527,805.6810093820769,5.387323943661972,135
35,npc_dota_hero_sniper,agi,Ranged,"Carry,Nuker",/apps/dota2/images/dota_react/heroes/sniper.png?,/apps/dota2/images/dota_react/heroes/icons/sniper.png?,120,0.25,75,0.0,-1,25,13,19,19,27,15,2.0,3.2,2.6,550,3000,1.7,100,0.17,285,0.7,True,2,1800,1400,Sniper,37910,18529,98541,48306,124192,61505,120124,58947,90359,44181,53315,26216,30051,14480,13739,6646,348859,"63284,51688,51969,53561,60859,58563,8935",172387,"31512,25492,25700,26252,30036,28997,4398",291,131,483,625838,"112933,92716,92791,94781,109048,104804,18765",307069,"55651,45480,45295,46654,53278,51524,9187",542,691,0.23112480739599384,5.647348951911221,798.8135593220338,3.829787234042553,3278
36,npc_dota_hero_necrolyte,int,Ranged,"Carry,Nuker,Durable,Disabler",/apps/dota2/images/dota_react/heroes/necrolyte.png?,/apps/dota2/images/dota_react/heroes/icons/necrolyte.png?,120,0.25,75,0.0,2,25,26,30,18,12,23,2.3,1.3,2.7,500,1200,1.7,100,0.3,280,,True,2,1800,800,Necrophos,20269,10979,59154,31485,75738,39397,75381,38834,59227,30174,36064,18287,21240,10559,9367,4601,140564,"25487,20498,20903,21929,24429,23787,3531",72866,"13217,10566,10860,11360,12627,12399,1837",164,81,180,384013,"68738,57240,56660,58967,67175,64400,10833",199007,"35698,29652,29324,30661,34763,33209,5700",565,768,0.24311183144246354,6.136363636363637,758.2231578947369,116.81672025723472,1376
37,npc_dota_hero_warlock,int,Ranged,"Support,Initiator,Disabler",/apps/dota2/images/dota_react/heroes/warlock.png?,/apps/dota2/images/dota_react/heroes/icons/warlock.png?,120,0.25,75,0.0,1,25,27,37,22,10,25,2.4,1.0,3.1,600,1200,1.7,90,0.3,300,,True,2,1800,800,Warlock,13318,7269,41164,22282,55850,29935,57061,30003,44625,22779,29790,14986,19352,9674,11362,5651,100355,"19753,14769,14620,15147,16973,16288,2805",55347,"10864,8107,8028,8377,9361,9102,1508",298,137,288,290726,"52721,43624,43006,44166,50345,48447,8417",152205,"27598,22724,22514,23067,26336,25533,4433",401,540,0.10182435299109037,2.6560509554140124,571.3846153846154,140.70765661252898,2266
38,npc_dota_hero_beastmaster,all,Melee,"Initiator,Disabler,Durable,Nuker",/apps/dota2/images/dota_react/heroes/beastmaster.png?,/apps/dota2/images/dota_react/heroes/icons/beastmaster.png?,120,0.25,75,0.0,-1,25,28,32,25,22,16,2.9,1.9,1.9,150,0,1.7,100,0.3,305,,True,2,1800,800,Beastmaster,6196,2939,21559,10286,31457,14908,35438,16749,32555,15253,24822,11683,18380,8756,12991,6300,45825,"8239,6795,8024,6740,7698,7307,1022",20741,"3706,3030,3688,3077,3521,3283,436",332,170,744,195141,"35193,30468,29631,29523,33563,32107,4656",92325,"16534,14414,14063,14120,15857,15149,2188",543,727,0.20678685047720044,6.111833550065019,664.3421052631579,5.356715823037066,2883
39,npc_dota_hero_queenofpain,int,Ranged,"Carry,Nuker,Escape",/apps/dota2/images/dota_react/heroes/queenofpain.png?,/apps/dota2/images/dota_react/heroes/icons/queenofpain.png?,120,0.25,75,0.0,0,25,26,32,20,22,25,2.4,2.5,3.4,550,1500,1.5,100,0.56,290,,True,2,1800,800,Queen of Pain,14602,6994,46482,22686,70297,34564,81097,40221,71425,35392,49592,24640,32462,16066,17923,8931,142722,"25694,21331,21279,21813,24841,23862,3902",68092,"12305,10169,10103,10448,11886,11365,1816",338,176,524,408161,"71926,61564,60912,63085,70413,68475,11786",201619,"35606,30387,29956,31079,34806,33881,5904",529,745,0.25096525096525096,5.034519383961763,801.3456464379947,2.8614784305224363,1551
40,npc_dota_hero_venomancer,all,Ranged,"Support,Nuker,Initiator,Pusher,Disabler",/apps/dota2/images/dota_react/heroes/venomancer.png?,/apps/dota2/images/dota_react/heroes/icons/venomancer.png?,120,0.25,75,0.0,0,25,18,21,19,24,19,2.1,2.8,1.8,450,900,1.7,115,0.3,280,,True,0,1800,800,Venomancer,13130,6521,35843,17583,46777,22934,45405,22332,34107,16773,20156,9886,10866,5329,5287,2578,117868,"21275,17445,17302,18088,20656,19871,3231",56228,"10138,8238,8286,8573,9917,9532,1544",69,35,145,232223,"41471,34400,34229,35852,40562,38973,6736",113964,"20219,16782,16836,17499,19880,19423,3325",412,576,0.11367224502683929,2.9880043620501633,617.7592295345105,4.826254826254826,907
41,npc_dota_hero_faceless_void,agi,Melee,"Carry,Initiator,Disabler,Escape,Durable",/apps/dota2/images/dota_react/heroes/faceless_void.png?,/apps/dota2/images/dota_react/heroes/icons/faceless_void.png?,120,1.0,75,0.0,0,25,37,43,20,21,15,2.6,3.3,1.5,150,900,1.7,100,0.5,300,0.9,True,2,1800,800,Faceless Void,10890,5220,31270,14666,39926,18968,38382,18217,28276,13694,16451,7910,8779,4233,3748,1756,102530,"18411,15111,15234,15749,17823,17158,3044",52008,"9362,7706,7758,7940,9041,8623,1578",70,33,78,199516,"35535,29357,29032,30367,34906,33522,6797",95145,"16873,13966,13706,14519,16772,16049,3260",532,739,0.1749908858913598,6.040816326530612,474.6235418875928,6.9064748201438855,1919
42,npc_dota_hero_skeleton_king,str,Melee,"Carry,Support,Durable,Disabler,Initiator",/apps/dota2/images/dota_react/heroes/skeleton_king.png?,/apps/dota2/images/dota_react/heroes/icons/skeleton_king.png?,120,0.5,75,0.0,1,25,38,40,22,16,18,2.8,1.7,1.6,150,0,1.7,100,0.56,315,,True,2,1800,800,Wraith King,25893,15469,78834,46957,108768,64029,114517,66664,94239,54032,63475,36210,42553,23859,22277,12206,173696,"31217,25912,25615,27200,30449,28947,4356",101571,"18210,15208,15013,16024,17729,16873,2514",434,231,418,584167,"103431,87923,87293,89957,101761,98011,15791",338983,"60090,50957,50698,52138,59230,56731,9139",578,775,0.1931123270035404,6.423396833914676,733.8424242424243,6.212787988609889,5616
43,npc_dota_hero_death_prophet,all,Ranged,"Carry,Pusher,Nuker,Disabler",/apps/dota2/images/dota_react/heroes/death_prophet.png?,/apps/dota2/images/dota_react/heroes/icons/death_prophet.png?,120,0.25,75,0.5,1,25,22,32,21,17,24,2.9,2.0,3.0,600,1000,1.7,100,0.5,290,0.8,True,2,1800,800,Death Prophet,8195,3995,16089,7829,17759,8881,17204,8470,13317,6700,8855,4395,5758,2861,3091,1476,40165,"7314,5933,5942,6086,7086,6800,1004",19719,"3581,2928,2862,2985,3498,3373,492",109,47,102,102878,"18255,15179,15089,15605,18011,17372,3367",50730,"9058,7506,7402,7681,8824,8524,1735",505,691,0.21291696238466998,4.792658055744392,725.9498956158664,2.643171806167401,3949
44,npc_dota_hero_phantom_assassin,agi,Melee,"Carry,Escape",/apps/dota2/images/dota_react/heroes/phantom_assassin.png?,/apps/dota2/images/dota_react/heroes/icons/phantom_assassin.png?,120,1.0,75,0.0,1,25,35,37,19,21,15,2.0,3.4,1.7,150,900,1.7,110,0.3,310,0.8,True,2,1800,800,Phantom Assassin,33689,15845,86760,40541,104143,47474,100671,45565,75381,33636,45768,19913,27009,11620,13713,5914,280481,"52364,41858,41506,42922,48370,46611,6850",140496,"25971,21045,20776,21524,24345,23353,3482",291,113,423,537199,"98091,80795,79637,81875,92934,88380,15487",244041,"44536,36581,36342,37041,42444,40032,7065",585,802,0.24066646096883682,6.861958266452648,650.0930232558139,6.757188498402556,1931
45,npc_dota_hero_pugna,int,Ranged,"Nuker,Pusher",/apps/dota2/images/dota_react/heroes/pugna.png?,/apps/dota2/images/dota_react/heroes/icons/pugna.png?,120,0.25,75,0.5,0,25,21,28,19,21,26,2.0,1.3,5.2,630,900,1.7,100,0.5,330,,True,2,1800,800,Pugna,7638,3474,18297,8524,22237,10820,21818,10745,17220,8539,10947,5475,6856,3522,3628,1870,55327,"9922,8224,8181,8655,9545,9329,1471",26015,"4662,3894,3973,3989,4442,4359,696",144,85,33,120558,"21578,17946,17888,18485,21068,20139,3454",58689,"10434,8697,8748,9072,10196,9808,1734",390,557,0.12631578947368421,2.280564263322884,625.0649350649351,69.8932384341637,3550
46,npc_dota_hero_templar_assassin,agi,Ranged,"Carry,Escape",/apps/dota2/images/dota_react/heroes/templar_assassin.png?,/apps/dota2/images/dota_react/heroes/icons/templar_assassin.png?,120,1.0,75,0.0,0,25,30,36,23,23,20,2.4,3.4,2.0,250,1000,1.6,100,0.3,310,0.7,True,2,1800,800,Templar Assassin,17386,8286,48799,23589,66074,33058,72581,36791,64946,33212,47680,24520,34144,17664,22462,11590,99392,"17647,14781,14854,15784,17298,16842,2186",47213,"8402,7031,6920,7509,8238,8056,1057",411,226,898,398705,"68603,59684,59801,63092,70394,67015,10116",200963,"34643,30207,30317,31399,35628,33612,5157",624,825,0.24813895781637718,7.722269263336155,752.7167630057804,5.328596802841918,6323
47,npc_dota_hero_viper,agi,Ranged,"Carry,Durable,Initiator,Disabler",/apps/dota2/images/dota_react/heroes/viper.png?,/apps/dota2/images/dota_react/heroes/icons/viper.png?,120,0.25,75,0.0,-2,25,27,29,21,21,17,2.4,2.7,2.0,575,1200,1.7,120,0.33,275,,True,0,1800,800,Viper,19685,9479,37928,17903,39250,18541,33623,15994,22754,10841,12647,5950,6860,3305,3201,1526,122762,"22110,18143,18285,19048,21371,20850,2955",58433,"10603,8711,8657,8948,10161,9939,1414",150,74,222,205795,"37645,30645,29951,31287,35822,34353,6092",97807,"18046,14527,14276,14870,16942,16228,2918",478,660,0.22058823529411764,4.05966968566862,712.9614181438999,5.603112840466926,2013
48,npc_dota_hero_luna,agi,Ranged,"Carry,Nuker,Pusher",/apps/dota2/images/dota_react/heroes/luna.png?,/apps/dota2/images/dota_react/heroes/icons/luna.png?,120,0.5,75,0.0,2,25,26,32,21,24,23,2.2,3.4,1.9,330,900,1.7,100,0.35,325,,True,2,1800,800,Luna,9155,4428,20329,9838,23859,11594,21541,10306,15762,7299,9416,4327,5197,2398,2558,1155,65246,"11267,9153,9530,11312,11054,10891,2039",32335,"5516,4518,4782,5519,5563,5442,995",91,50,31,123829,"22054,18303,18137,19242,21385,20560,4148",59427,"10573,8737,8766,9262,10277,9808,2004",590,775,0.1816805450416351,7.82437745740498,664.8048656867713,7.300585849481749,4708
49,npc_dota_hero_dragon_knight,str,Melee,"Carry,Pusher,Durable,Disabler,Initiator,Nuker",/apps/dota2/images/dota_react/heroes/dragon_knight.png?,/apps/dota2/images/dota_react/heroes/icons/dragon_knight.png?,120,0.25,75,0.0,0,25,34,40,21,16,18,3.6,2.0,1.7,150,900,1.6,100,0.5,315,,True,2,1800,800,Dragon Knight,12761,6441,34353,17026,43731,21588,42345,21150,32629,16236,19962,9783,12503,6142,6649,3238,60452,"11005,8847,9038,9299,10389,10077,1797",30238,"5520,4462,4537,4610,5214,5033,862",267,122,306,225618,"40317,33765,33450,34541,39072,37124,7349",112019,"20080,16852,16582,17091,19425,18338,3651",533,711,0.1715102429728442,5.880681818181818,586.0819828408007,4.017139796464917,4623
50,npc_dota_hero_dazzle,all,Ranged,"Support,Nuker,Disabler",/apps/dota2/images/dota_react/heroes/dazzle.png?,/apps/dota2/images/dota_react/heroes/icons/dazzle.png?,120,0.25,75,0.3,0,25,19,25,18,20,25,2.3,1.7,3.7,575,1200,1.7,100,0.3,305,0.7,True,2,1800,800,Dazzle,8163,3881,23332,11524,28286,13969,24889,12236,17639,8793,10086,5095,5395,2735,2356,1174,48697,"8853,7181,7142,7496,8520,8324,1181",23881,"4372,3530,3478,3677,4172,4110,542",53,26,93,132552,"24261,19719,19369,20570,23165,22232,3236",65463,"12044,9828,9621,10110,11233,11013,1614",343,544,0.09167303284950344,1.720226843100189,316.88684663986214,195.22348816827346,442
51,npc_dota_hero_rattletrap,str,Melee,"Initiator,Disabler,Durable,Nuker",/apps/dota2/images/dota_react/heroes/rattletrap.png?,/apps/dota2/images/dota_react/heroes/icons/rattletrap.png?,120,0.5,75,0.0,1,25,24,26,26,13,18,3.2,2.3,1.7,150,900,1.7,100,0.33,310,,True,2,1800,800,Clockwerk,4805,2436,16969,8822,26315,13581,31766,16433,29138,15139,22471,11808,16356,8748,9155,4819,62876,"11654,9180,9155,9737,10953,10400,1797",33803,"6360,4923,4941,5153,5851,5607,968",243,124,196,168633,"29826,25370,24799,25958,29489,28008,5183",87810,"15474,13334,12802,13454,15466,14585,2695",363,543,0.12939001848428835,1.5374241402562374,537.9540047581285,3.4230944774075764,241
52,npc_dota_hero_leshrac,int,Ranged,"Carry,Support,Nuker,Pusher,Disabler",/apps/dota2/images/dota_react/heroes/leshrac.png?,/apps/dota2/images/dota_react/heroes/icons/leshrac.png?,120,0.25,75,0.0,1,25,27,31,20,17,22,2.8,2.5,3.5,575,900,1.7,100,0.4,325,,True,4,1800,800,Leshrac,3559,1708,10446,5115,15433,7637,18190,9184,17086,8630,13142,6736,10214,5293,6829,3557,42951,"7858,6187,6329,6646,7473,7280,1178",22392,"4137,3229,3296,3500,3902,3716,612",169,93,206,102765,"18171,15327,14990,15923,17841,17375,3138",51620,"9161,7624,7612,8020,8888,8755,1560",504,691,0.22044088176352705,4.930362116991643,764.3004338394794,3.6995515695067263,993
53,npc_dota_hero_furion,all,Ranged,"Carry,Pusher,Escape,Nuker",/apps/dota2/images/dota_react/heroes/furion.png?,/apps/dota2/images/dota_react/heroes/icons/furion.png?,120,0.25,75,0.0,0,25,16,26,19,14,22,2.6,3.2,3.5,620,1125,1.5,100,0.4,295,0.9,True,2,1800,800,Nature's Prophet,23690,11565,64970,30680,79465,37061,80881,37742,66302,31420,44782,21508,29909,14636,18551,9217,169362,"30024,25768,25531,25778,30354,27782,4125",79241,"13902,12119,12006,12219,14030,12978,1987",340,177,683,443435,"75965,68272,67291,68291,76932,73742,12942",211160,"35864,32766,31969,32598,36644,35086,6233",613,705,0.18823529411764706,7.471612414837245,726.6077170418007,7.611940298507463,5496
54,npc_dota_hero_life_stealer,str,Melee,"Carry,Durable,Escape,Disabler",/apps/dota2/images/dota_react/heroes/life_stealer.png?,/apps/dota2/images/dota_react/heroes/icons/life_stealer.png?,120,0.25,75,0.0,1,25,16,22,25,19,15,2.4,1.9,1.8,150,900,1.7,100,0.39,315,0.9,True,2,1800,800,Lifestealer,12836,6573,41036,21358,57785,30700,62135,33094,51788,27671,34889,18784,21934,11686,9912,5139,91466,"16864,13529,13631,14147,15859,15248,2188",46771,"8628,6861,7048,7234,8166,7736,1098",244,103,473,314816,"56393,47238,46884,48197,54787,52906,8411",166427,"29952,24856,24588,25544,28967,28154,4366",584,817,0.1851035698545615,6.852791878172589,630.2562417871222,38.68899180619879,5323
55,npc_dota_hero_dark_seer,int,Melee,"Initiator,Escape,Disabler",/apps/dota2/images/dota_react/heroes/dark_seer.png?,/apps/dota2/images/dota_react/heroes/icons/dark_seer.png?,120,1.0,75,0.0,2,25,33,39,20,19,21,2.6,1.8,2.7,150,900,1.7,100,0.59,295,,True,2,1800,800,Dark Seer,3858,1983,10941,5736,15749,8211,19114,10032,17934,9306,14017,7290,11377,5919,8012,4150,51603,"9480,7669,7726,8058,8891,8419,1360",28754,"5341,4299,4352,4462,4886,4651,763",176,86,211,107894,"18848,16391,15902,16712,18863,18163,3015",56258,"9767,8472,8338,8713,9861,9571,1536",483,652,0.11971268954509177,5.14018691588785,561.2817679558011,15.905172413793103,813
56,npc_dota_hero_clinkz,agi,Ranged,"Carry,Escape,Pusher",/apps/dota2/images/dota_react/heroes/clinkz.png?,/apps/dota2/images/dota_react/heroes/icons/clinkz.png?,120,0.25,75,0.0,0,25,19,25,17,25,21,2.0,2.7,2.2,600,900,1.7,100,0.4,290,,True,2,1800,800,Clinkz,13936,7142,27683,14129,25790,13055,22588,11393,17319,8796,11196,5637,7712,3961,4380,2309,99139,"18366,14890,14792,15062,17045,16757,2227",52196,"9568,7867,7731,8000,8944,8894,1192",65,32,53,151193,"27639,22583,22323,23101,26320,25357,3870",77095,"14023,11466,11368,11871,13441,13010,1916",511,713,0.25011579434923575,4.346361185983827,731.5634473798182,1.299093655589124,5990
57,npc_dota_hero_omniknight,str,Melee,"Support,Durable,Nuker",/apps/dota2/images/dota_react/heroes/omniknight.png?,/apps/dota2/images/dota_react/heroes/icons/omniknight.png?,120,0.25,75,0.0,2,25,31,41,22,15,16,3.1,2.0,2.1,150,900,1.7,100,0.433,310,,True,2,1800,800,Omniknight,3090,1438,7406,3407,8984,4296,8035,3858,5851,2842,3445,1671,2311,1180,1352,698,28233,"5083,4139,4257,4372,4800,4781,801",13746,"2457,2028,2049,2118,2341,2354,399",16,4,9,48278,"8747,7168,7029,7236,8415,8310,1373",23211,"4179,3470,3343,3555,4059,3966,639",335,522,0.08424008424008424,1.6959798994974875,246.5707133917397,100.1240694789082,288
58,npc_dota_hero_enchantress,int,Ranged,"Support,Pusher,Durable,Disabler",/apps/dota2/images/dota_react/heroes/enchantress.png?,/apps/dota2/images/dota_react/heroes/icons/enchantress.png?,120,0.25,75,0.5,1,25,21,31,17,19,22,2.0,2.1,3.8,575,900,1.7,100,0.3,320,,True,4,1800,800,Enchantress,7515,3679,13929,6829,12896,6169,10322,4795,7041,3271,4333,2037,2460,1113,1073,504,50277,"9020,7442,7700,7552,8702,8495,1366",25425,"4577,3783,3946,3805,4308,4322,684",30,22,57,69769,"12449,10515,10308,10674,11973,11944,1906",33539,"5960,5096,4922,5074,5756,5815,916",370,591,0.14325507361719061,2.0837589376915218,463.3898305084746,54.031715521383944,1788
59,npc_dota_hero_huskar,str,Ranged,"Carry,Durable,Initiator",/apps/dota2/images/dota_react/heroes/huskar.png?,/apps/dota2/images/dota_react/heroes/icons/huskar.png?,120,0.25,0,0.0,1,25,21,26,23,10,18,3.3,1.5,1.5,400,1400,1.6,100,0.3,295,,True,2,1800,800,Huskar,14430,6744,29467,13928,32024,15489,31672,15663,26521,13635,18351,9590,12936,6735,9176,4823,94426,"16698,14039,14366,14731,16341,16001,2250",46360,"8138,6918,7087,7226,8101,7807,1083",219,117,558,198630,"34931,30066,29512,30695,34483,33506,5437",98268,"17351,14766,14695,15137,17188,16485,2646",484,655,0.24390243902439027,4.3276488677662845,687.694126921561,6.002400960384153,2825
60,npc_dota_hero_night_stalker,str,Melee,"Carry,Initiator,Durable,Disabler,Nuker",/apps/dota2/images/dota_react/heroes/night_stalker.png?,/apps/dota2/images/dota_react/heroes/icons/night_stalker.png?,120,1.5,75,0.25,2,25,40,44,23,18,15,3.0,2.2,1.6,150,900,1.7,100,0.55,295,,True,2,800,1800,Night Stalker,7068,3486,22133,10842,31399,15699,34899,17625,30379,15316,21338,10825,14486,7296,8217,4064,40865,"6776,6151,6448,6458,7168,6806,1058",19685,"3236,2979,3079,3142,3422,3322,505",232,115,578,184164,"31313,27525,28127,28902,32254,30873,5170",92326,"15716,13764,14096,14595,16162,15423,2570",470,667,0.19543973941368079,4.1595662277304415,481.69712793733686,3.7380191693290734,1932
61,npc_dota_hero_broodmother,agi,Melee,"Carry,Pusher,Escape,Nuker",/apps/dota2/images/dota_react/heroes/broodmother.png?,/apps/dota2/images/dota_react/heroes/icons/broodmother.png?,120,0.25,75,0.0,-1,25,29,35,18,18,18,2.9,3.4,2.0,175,900,1.7,125,0.4,285,,True,8,1800,800,Broodmother,4215,2070,9136,4438,9121,4591,7512,3767,5098,2491,3150,1584,2066,1091,1408,737,27918,"5076,4182,4195,4372,4867,4679,547",12455,"2299,1864,1862,1922,2196,2087,225",28,19,80,48725,"8796,7178,7139,7581,8521,8410,1100",23954,"4337,3446,3463,3808,4215,4154,531",558,739,0.20608439646712462,6.279620853080568,519.6544797107273,8.157715839564922,6561
62,npc_dota_hero_bounty_hunter,agi,Melee,"Escape,Nuker",/apps/dota2/images/dota_react/heroes/bounty_hunter.png?,/apps/dota2/images/dota_react/heroes/icons/bounty_hunter.png?,120,0.75,75,0.5,5,25,33,41,19,21,20,2.5,2.6,1.9,150,900,1.5,100,0.59,325,,True,2,1800,1000,Bounty Hunter,10658,5138,27138,12909,32813,15777,31888,15595,24661,12271,16377,8225,10472,5300,6694,3427,89439,"16127,13278,13013,13755,15698,15383,2185",41385,"7341,6146,6107,6479,7256,7017,1039",82,47,45,177678,"30699,26397,26416,27704,31356,29976,5130",86726,"15001,12860,12818,13552,15317,14749,2429",463,575,0.1171875,1.5045135406218657,393.3539891556933,2.737642585551331,325
63,npc_dota_hero_weaver,agi,Ranged,"Carry,Escape",/apps/dota2/images/dota_react/heroes/weaver.png?,/apps/dota2/images/dota_react/heroes/icons/weaver.png?,120,1.25,75,0.5,1,25,37,43,16,17,20,2.0,3.3,2.0,425,900,1.8,120,0.55,275,,True,4,1800,800,Weaver,17759,8776,44321,21950,56704,27943,59679,29582,49462,24789,32985,16211,21855,10764,12937,6206,129927,"23570,19110,19081,19678,22005,23056,3427",66125,"11896,9688,9688,10059,11265,11748,1781",223,121,281,322816,"57828,48931,48048,49296,55816,53750,9147",159758,"28666,24338,23889,24373,27376,26477,4639",461,749,0.18912529550827425,3.9672544080604535,581.0275107722904,5.185995623632385,2269
64,npc_dota_hero_jakiro,int,Ranged,"Support,Nuker,Pusher,Disabler",/apps/dota2/images/dota_react/heroes/jakiro.png?,/apps/dota2/images/dota_react/heroes/icons/jakiro.png?,120,0.25,75,0.0,1,25,27,35,25,15,26,2.5,1.2,3.0,400,1100,1.7,100,0.4,290,0.8,True,2,1800,800,Jakiro,17253,9036,60705,31534,93666,47693,105113,53370,89210,44573,59566,29626,38800,19113,21202,10485,166975,"30549,24867,24835,25796,29151,27213,4564",85294,"15575,12738,12532,13244,14819,14008,2378",777,390,595,512795,"91177,76544,76355,78737,88786,86225,14971",259503,"46180,38915,38490,39863,44984,43514,7557",373,553,0.11121408711770157,2.1245421245421245,469.6217407271392,4.2040358744394615,1659
65,npc_dota_hero_batrider,all,Ranged,"Initiator,Disabler,Escape",/apps/dota2/images/dota_react/heroes/batrider.png?,/apps/dota2/images/dota_react/heroes/icons/batrider.png?,120,1.75,75,0.0,2,25,12,16,23,15,22,2.9,1.8,2.9,400,900,1.7,100,0.3,330,0.9,True,2,1600,800,Batrider,1650,756,4240,1909,5653,2624,5661,2554,4596,2134,3135,1481,2100,958,1173,568,19279,"3592,2817,2723,2984,3303,3317,543",8353,"1584,1240,1165,1307,1395,1443,219",57,35,56,32395,"5664,4959,4817,5036,5517,5489,913",14948,"2609,2272,2234,2356,2513,2566,398",387,588,0.13462976813762154,2.4584717607973423,475.6913946587537,3.4324942791762014,322
66,npc_dota_hero_chen,int,Ranged,"Support,Pusher",/apps/dota2/images/dota_react/heroes/chen.png?,/apps/dota2/images/dota_react/heroes/icons/chen.png?,120,0.25,75,0.5,-1,25,27,37,23,15,19,2.0,2.1,3.2,650,1100,1.7,100,0.5,305,,True,2,1800,800,Chen,818,358,1894,789,2076,881,1925,785,1471,592,981,459,727,345,406,197,12902,"2393,1911,1871,1921,2244,2237,325",5303,"936,818,772,803,931,900,143",28,10,33,13027,"2301,2030,1872,1990,2197,2274,363",5771,"1031,852,796,951,953,1013,175",323,427,0.044994375703037125,1.6378964271376957,185.88892769821865,178.12680115273776,1106
67,npc_dota_hero_spectre,all,Melee,"Carry,Durable,Escape",/apps/dota2/images/dota_react/heroes/spectre.png?,/apps/dota2/images/dota_react/heroes/icons/spectre.png?,120,1.0,75,0.0,0,25,21,25,21,25,16,2.5,2.1,1.7,150,900,1.7,90,0.3,290,,True,0,1800,800,Spectre,15144,8068,45245,23791,54453,28315,50867,25941,37623,19085,22510,11326,12434,6298,5040,2483,108837,"19197,16307,16358,17001,18965,18314,2695",60191,"10686,9080,9051,9362,10441,10114,1457",106,53,154,264558,"46491,38950,39100,41268,46242,44800,7707",136533,"24011,20057,20155,21241,23919,23224,3926",563,854,0.2579720530275887,5.467568643056108,752.5662831415708,6.3398140321217245,2176
68,npc_dota_hero_ancient_apparition,int,Ranged,"Support,Disabler,Nuker",/apps/dota2/images/dota_react/heroes/ancient_apparition.png?,/apps/dota2/images/dota_react/heroes/icons/ancient_apparition.png?,120,0.25,75,0.0,-1,25,21,31,20,20,23,1.9,2.2,3.1,675,1250,1.7,100,0.45,285,,True,0,1800,800,Ancient Apparition,15679,8147,50201,26963,74163,39807,86676,46857,78289,42236,57261,30479,40909,21627,24982,13048,149874,"27492,22500,22386,23145,25808,24621,3922",80312,"14665,12059,12006,12449,13846,13171,2116",398,213,1152,450883,"79724,67979,67320,69642,78317,75725,12176",241116,"42872,36266,35766,37255,41813,40668,6476",370,556,0.12366034624896949,1.5741857659831122,438.3862660944206,1.9867549668874174,286
69,npc_dota_hero_doom_bringer,str,Melee,"Carry,Disabler,Initiator,Durable,Nuker",/apps/dota2/images/dota_react/heroes/doom_bringer.png?,/apps/dota2/images/dota_react/heroes/icons/doom_bringer.png?,120,1.25,75,0.0,2,25,32,42,24,15,15,3.8,1.5,1.7,200,900,1.9,100,0.5,290,,True,2,1800,800,Doom,4556,1994,14154,6342,20383,9102,22610,10255,20492,9381,14836,6893,9785,4539,5834,2715,34438,"6380,5224,5095,5084,5972,5734,949",15755,"2877,2451,2288,2324,2763,2620,432",153,77,203,122412,"21999,18719,18133,18746,21045,20054,3716",55901,"10010,8483,8247,8625,9555,9280,1701",540,656,0.14729950900163666,4.37542201215395,478.93333333333334,1.9508057675996606,619
70,npc_dota_hero_ursa,agi,Melee,"Carry,Durable,Disabler",/apps/dota2/images/dota_react/heroes/ursa.png?,/apps/dota2/images/dota_react/heroes/icons/ursa.png?,120,1.0,75,0.0,1,25,24,28,25,18,16,2.4,2.8,1.5,150,900,1.7,100,0.3,310,,True,2,1800,800,Ursa,13052,6014,35111,16873,47510,23029,52283,26076,45201,22712,31909,16201,21792,11010,11705,5955,96245,"17476,14195,14450,14781,16565,16164,2614",48619,"8836,7197,7304,7365,8472,8110,1335",314,179,683,282679,"50837,42475,41815,42994,49290,46961,8307",139641,"25069,20928,20750,21431,24180,23177,4106",593,804,0.28904054596547574,6.528398213146139,739.7828571428571,25.873015873015873,2957
71,npc_dota_hero_spirit_breaker,str,Melee,"Carry,Initiator,Disabler,Durable,Escape",/apps/dota2/images/dota_react/heroes/spirit_breaker.png?,/apps/dota2/images/dota_react/heroes/icons/spirit_breaker.png?,120,1.25,75,0.5,1,25,31,41,28,17,14,3.3,1.7,1.8,170,900,1.9,100,0.6,295,,True,2,1800,800,Spirit Breaker,18469,9302,47627,24033,60266,30254,58412,29337,44913,22499,27781,13929,15919,7973,8514,4340,146784,"26766,21902,21690,22972,25346,24579,3529",70157,"12804,10544,10382,10918,12070,11780,1659",169,93,77,311140,"55299,46211,46467,47494,54033,51920,9716",156477,"27724,23292,23362,23838,27147,26153,4961",398,669,0.1465917419985341,2.2129277566539924,461.5045395590143,2.9655990510083035,435
72,npc_dota_hero_gyrocopter,agi,Ranged,"Carry,Nuker,Disabler",/apps/dota2/images/dota_react/heroes/gyrocopter.png?,/apps/dota2/images/dota_react/heroes/icons/gyrocopter.png?,120,0.25,75,0.0,2,25,18,24,22,25,21,2.5,3.2,2.4,365,3000,1.7,125,0.2,320,,True,2,1800,800,Gyrocopter,6189,2935,18706,8865,28647,13852,33776,16323,29529,14498,19980,9764,12845,6289,6700,3247,63778,"11912,9549,9605,9727,10799,10516,1670",31863,"5918,4792,4745,4835,5431,5316,826",209,109,122,169183,"30632,26342,25195,25748,28843,27235,5188",82171,"14877,12768,12152,12529,14063,13231,2551",516,701,0.18881118881118883,6.010221465076661,736.1327231121281,5.063176895306859,1571
73,npc_dota_hero_alchemist,str,Melee,"Carry,Support,Durable,Disabler,Initiator,Nuker",/apps/dota2/images/dota_react/heroes/alchemist.png?,/apps/dota2/images/dota_react/heroes/icons/alchemist.png?,120,0.25,75,0.0,0,25,27,33,23,22,25,2.7,1.5,1.8,150,900,1.7,110,0.35,295,,True,2,1800,800,Alchemist,6614,3336,18602,9114,23983,11943,24310,12075,20757,10501,13407,6748,8113,4103,4200,2046,47181,"8749,7022,6990,7188,8210,7783,1239",23904,"4442,3628,3482,3664,4119,3924,645",63,30,52,134613,"23770,20076,20201,20781,23197,22469,4119",67102,"11740,10088,10057,10377,11595,11155,2090",645,683,0.08746355685131195,6.495049504950495,382.8976572133169,4.798000832986256,1199
74,npc_dota_hero_invoker,int,Ranged,"Carry,Nuker,Disabler,Escape,Pusher",/apps/dota2/images/dota_react/heroes/invoker.png?,/apps/dota2/images/dota_react/heroes/icons/invoker.png?,120,0.25,75,0.0,-1,25,15,21,19,14,20,2.5,2.0,4.7,600,900,1.7,100,0.4,285,,True,2,1800,800,Invoker,25819,13078,79891,40750,109599,55517,114340,57781,92905,47464,61280,31388,38347,19847,18531,9628,351983,"62943,51977,53468,55430,61215,59098,7852",182122,"32626,26809,27724,28489,31852,30601,4021",247,123,410,577272,"102080,86283,87129,89671,100411,96545,15153",293902,"51888,44004,44578,45406,51308,49036,7682",512,705,0.2213341530894559,3.9429215170859937,705.7754010695188,1.1554921540656204,2273
75,npc_dota_hero_silencer,int,Ranged,"Carry,Support,Disabler,Initiator,Nuker",/apps/dota2/images/dota_react/heroes/silencer.png?,/apps/dota2/images/dota_react/heroes/icons/silencer.png?,120,0.25,75,0.0,0,25,18,32,19,22,25,2.2,2.2,2.9,600,900,1.6,110,0.5,290,,True,2,1800,800,Silencer,16808,8766,54887,28303,77342,39741,83411,42956,69379,35622,46441,23851,32194,16722,18778,9448,133450,"24459,19463,19644,20396,22978,22936,3574",71694,"13162,10550,10510,10928,12339,12270,1935",357,168,1041,421916,"75223,63484,62505,64691,72664,71208,12141",217254,"38850,32553,32136,33370,37630,36560,6155",371,545,0.11505273250239692,1.7815249266862172,456.0661157024793,3.0540827147401908,538
76,npc_dota_hero_obsidian_destroyer,int,Ranged,"Carry,Nuker,Disabler",/apps/dota2/images/dota_react/heroes/obsidian_destroyer.png?,/apps/dota2/images/dota_react/heroes/icons/obsidian_destroyer.png?,120,1.0,75,0.0,1,25,19,31,21,22,30,2.9,1.6,4.2,450,900,1.9,100,0.46,315,,True,4,1800,800,Outworld Devourer,9880,4853,28054,14380,40196,20808,45265,23878,39308,20775,26843,14030,17460,9045,9619,4773,70563,"12585,10601,10785,10880,12255,11626,1831",36626,"6604,5471,5607,5597,6346,6009,992",187,79,753,232625,"41369,35225,34697,35647,40420,38704,6563",120656,"21624,18144,17904,18492,20898,20180,3414",552,758,0.2599448601811737,5.359186268277178,775.3403141361257,5.248990578734858,1928
77,npc_dota_hero_lycan,str,Melee,"Carry,Pusher,Durable,Escape",/apps/dota2/images/dota_react/heroes/lycan.png?,/apps/dota2/images/dota_react/heroes/icons/lycan.png?,120,0.25,75,0.0,0,25,24,29,26,18,23,3.4,1.7,1.7,150,900,1.7,110,0.55,305,,True,2,1800,800,Lycan,2564,1217,6385,3038,7473,3548,6445,3015,4927,2390,2893,1373,1877,958,1348,667,24512,"4479,3541,3657,3757,4262,4166,650",12287,"2266,1780,1770,1877,2136,2123,335",30,18,37,39780,"7057,5814,5820,6279,6791,6888,1131",19032,"3336,2823,2786,3052,3242,3261,532",545,681,0.17669331089608753,5.722488038277512,507.68344218209756,16.441821247892076,5332
78,npc_dota_hero_brewmaster,all,Melee,"Carry,Initiator,Durable,Disabler,Nuker",/apps/dota2/images/dota_react/heroes/brewmaster.png?,/apps/dota2/images/dota_react/heroes/icons/brewmaster.png?,120,0.5,75,0.0,0,25,26,33,23,19,17,3.7,2.0,1.6,150,900,1.7,100,0.35,310,,True,2,1800,800,Brewmaster,1841,893,4588,2180,5780,2744,6004,2758,5400,2523,3862,1817,2870,1429,2044,1004,19297,"3513,2987,3060,2951,3213,3123,450",8740,"1606,1335,1420,1373,1411,1403,192",53,20,85,38374,"6827,5553,5727,6084,6908,6270,1005",18182,"3259,2631,2719,2870,3257,2941,505",468,662,0.13977868375072802,4.6498054474708175,479.6542451018056,13.809774040987913,1799
79,npc_dota_hero_shadow_demon,int,Ranged,"Support,Disabler,Initiator,Nuker",/apps/dota2/images/dota_react/heroes/shadow_demon.png?,/apps/dota2/images/dota_react/heroes/icons/shadow_demon.png?,120,0.25,75,0.0,0,25,29,33,23,18,22,2.6,2.2,3.6,500,900,1.7,100,0.35,290,,True,2,1800,800,Shadow Demon,2608,1160,6942,3171,9782,4555,10730,5106,9978,4819,6932,3409,4831,2373,2529,1220,25012,"4431,3687,3639,3828,4587,4180,660",11419,"2002,1695,1674,1737,2101,1913,297",124,61,82,59939,"10679,9058,8777,9293,10549,9951,1632",28495,"5067,4314,4173,4490,4985,4670,796",355,526,0.12067578439259856,1.5968772178850248,446.4869642068051,3.605769230769231,356
80,npc_dota_hero_lone_druid,agi,Ranged,"Carry,Pusher,Durable",/apps/dota2/images/dota_react/heroes/lone_druid.png?,/apps/dota2/images/dota_react/heroes/icons/lone_druid.png?,120,0.25,75,0.0,0,25,18,22,18,20,13,2.5,2.8,1.4,550,900,1.6,100,0.33,325,,True,2,1800,800,Lone Druid,2497,1256,6266,3100,6565,3218,6522,3232,5100,2560,3439,1737,2542,1324,1306,654,17403,"3194,2557,2618,2678,3032,2859,465",7221,"1373,1047,1108,1106,1188,1183,216",34,15,122,38977,"6805,5929,5842,6019,6708,6508,1166",19312,"3397,2972,2858,3031,3303,3192,559",521,650,0.15350877192982454,5.7820927723840345,501.5142337976984,4.693366708385482,7160
81,npc_dota_hero_chaos_knight,str,Melee,"Carry,Disabler,Durable,Pusher,Initiator",/apps/dota2/images/dota_react/heroes/chaos_knight.png?,/apps/dota2/images/dota_react/heroes/icons/chaos_knight.png?,120,0.25,75,0.0,2,25,24,54,24,18,18,3.1,1.8,1.2,150,900,1.7,100,0.5,325,,True,2,1800,800,Chaos Knight,11185,5789,26212,13406,27314,13697,22773,11369,15173,7531,8323,4030,4731,2316,1871,898,61367,"11121,9029,9014,9524,10613,10339,1727",33122,"6029,4787,4769,5249,5729,5588,971",58,28,23,134342,"24080,20001,19775,20337,23493,22272,4384",67655,"12070,10043,10022,10297,11960,11060,2203",489,683,0.2105263157894737,4.533696392103471,567.7265697494587,5.181315304240934,2984
82,npc_dota_hero_meepo,agi,Melee,"Carry,Escape,Nuker,Disabler,Initiator,Pusher",/apps/dota2/images/dota_react/heroes/meepo.png?,/apps/dota2/images/dota_react/heroes/icons/meepo.png?,120,0.25,75,0.25,4,25,29,35,24,17,18,2.2,2.1,1.9,150,900,1.7,100,0.38,320,0.9,True,2,1800,800,Meepo,4094,2116,9456,4714,9704,4873,9031,4605,6815,3491,4438,2348,3257,1798,2221,1199,37417,"6606,5414,5339,5889,6687,6634,848",17429,"3087,2477,2490,2745,3144,3117,369",64,35,100,55719,"9927,8402,8339,8766,9691,9256,1338",28389,"5118,4289,4122,4541,4903,4718,698",588,828,0.22868032396379226,6.9897959183673475,579.6725784447476,14.859675036927623,4322
83,npc_dota_hero_treant,str,Melee,"Support,Initiator,Durable,Disabler,Escape",/apps/dota2/images/dota_react/heroes/treant.png?,/apps/dota2/images/dota_react/heroes/icons/treant.png?,120,0.25,75,0.25,-1,25,60,68,25,15,20,3.4,1.8,1.8,150,900,1.9,100,0.6,280,,True,2,1800,800,Treant Protector,5833,2888,15570,7531,18841,9124,17477,8451,12453,6092,7546,3611,4205,2016,1964,984,53349,"9911,8050,7680,8138,9208,8907,1455",24668,"4470,3801,3563,3759,4286,4112,677",56,32,24,93401,"16906,13883,13620,14290,16268,15703,2731",45268,"8160,6797,6605,6939,7888,7567,1312",349,542,0.08675534991324464,1.6178521617852162,373.5087119918005,134.1016109045849,429
84,npc_dota_hero_ogre_magi,str,Melee,"Support,Nuker,Disabler,Durable,Initiator",/apps/dota2/images/dota_react/heroes/ogre_magi.png?,/apps/dota2/images/dota_react/heroes/icons/ogre_magi.png?,120,1.5,120,0.0,4,25,44,50,23,14,0,4.2,1.5,0.0,150,900,1.7,100,0.3,290,,True,2,1800,800,Ogre Magi,26601,13632,77917,39746,96716,48726,91376,45857,65993,33124,37695,18885,19832,9674,8702,4282,257364,"46871,38207,38233,39439,44793,43018,6803",133498,"24465,19743,19954,20387,23083,22404,3462",198,93,30,460851,"81912,68935,68087,70196,80352,77449,13920",232385,"41192,34933,34240,35444,40434,39156,6986",441,633,0.1114723641430562,2.342629482071713,521.0053165780571,4.6781287485006,636
85,npc_dota_hero_undying,str,Melee,"Support,Durable,Disabler,Nuker",/apps/dota2/images/dota_react/heroes/undying.png?,/apps/dota2/images/dota_react/heroes/icons/undying.png?,120,,75,0.25,1,25,31,39,22,10,27,2.4,1.2,2.8,150,900,1.7,100,0.3,300,,True,2,1800,800,Undying,13423,6789,39183,20270,49301,25477,47177,24371,34687,17813,20919,10797,12732,6512,6209,3205,89182,"16297,13150,13341,13639,15464,14846,2445",46004,"8364,6881,6846,7041,7945,7644,1283",148,58,64,242207,"43249,36213,36135,36876,41966,40595,7173",124523,"22112,18511,18481,18995,21658,21110,3656",416,600,0.1539250897896357,2.6711345141215896,424.43906376109766,54.69320066334991,626
86,npc_dota_hero_rubick,int,Ranged,"Support,Disabler,Nuker",/apps/dota2/images/dota_react/heroes/rubick.png?,/apps/dota2/images/dota_react/heroes/icons/rubick.png?,120,0.25,75,0.5,1,25,25,31,21,23,24,2.0,2.5,3.7,550,1125,1.7,100,0.4,290,0.7,True,2,1800,800,Rubick,15781,7357,54649,25589,87036,41584,102441,49246,92278,44361,64113,31135,41462,20144,21071,10277,266619,"47906,39677,39911,41486,46247,44634,6758",127486,"22966,18958,19167,19864,22006,21244,3281",380,196,224,504340,"89187,75599,75197,77776,87240,84435,14906",241888,"42767,36210,36049,37499,41844,40421,7098",401,594,0.12360939431396786,2.5682837342030167,539.6544276457884,1.1515151515151514,469
87,npc_dota_hero_disruptor,int,Ranged,"Support,Disabler,Nuker,Initiator",/apps/dota2/images/dota_react/heroes/disruptor.png?,/apps/dota2/images/dota_react/heroes/icons/disruptor.png?,120,0.25,75,0.0,0,25,27,31,21,15,20,2.4,1.4,2.9,625,1200,1.7,100,0.4,295,,True,2,1800,800,Disruptor,6013,2978,21624,10919,34555,17754,40416,20607,36229,18681,25265,13118,16870,8684,9261,4808,53819,"9888,7858,7932,8210,9293,9013,1625",26700,"4991,3828,3907,4088,4570,4508,808",207,96,102,203168,"36033,30027,29914,30749,35274,34447,6724",104167,"18413,15430,15380,15729,18111,17661,3443",336,530,0.0837404047452896,1.0501750291715286,358.25946817082996,3.5478903603326146,200
88,npc_dota_hero_nyx_assassin,all,Melee,"Disabler,Nuker,Initiator,Escape",/apps/dota2/images/dota_react/heroes/nyx_assassin.png?,/apps/dota2/images/dota_react/heroes/icons/nyx_assassin.png?,120,2.0,75,0.0,1,25,26,30,17,18,21,2.7,2.9,2.6,150,900,1.7,100,0.46,310,,True,6,1800,800,Nyx Assassin,7889,3918,22522,11353,29788,15293,30004,15359,23795,12114,14833,7566,8157,4145,3892,2000,82360,"14528,12395,12235,12766,14176,14202,2058",40923,"7203,6176,6057,6390,7015,7081,1001",86,48,131,155456,"27371,23448,23038,23878,27070,26329,4322",79082,"13956,11890,11782,12098,13719,13366,2271",384,639,0.21264994547437294,1.5415617128463477,598.3922462941847,2.825923134890731,314
89,npc_dota_hero_naga_siren,agi,Melee,"Carry,Support,Pusher,Disabler,Initiator,Escape",/apps/dota2/images/dota_react/heroes/naga_siren.png?,/apps/dota2/images/dota_react/heroes/icons/naga_siren.png?,120,1.0,75,0.0,1,25,23,25,21,21,21,2.4,3.3,2.0,150,900,1.7,110,0.5,330,,True,0,1800,800,Naga Siren,2934,1405,5953,2821,5520,2569,4358,2006,2850,1319,1570,729,855,408,481,233,24207,"4411,3581,3613,3774,4133,4094,601",12029,"2219,1793,1736,1889,2056,2035,301",26,10,21,31313,"5671,4692,4715,4800,5333,5219,883",14885,"2711,2222,2265,2289,2513,2456,429",513,634,0.1223865374808771,6.645938593082005,408.1555333998006,1.950585175552666,2142
90,npc_dota_hero_keeper_of_the_light,int,Ranged,"Support,Nuker,Disabler",/apps/dota2/images/dota_react/heroes/keeper_of_the_light.png?,/apps/dota2/images/dota_react/heroes/icons/keeper_of_the_light.png?,120,0.25,75,0.0,0,25,20,27,18,15,23,2.3,1.6,3.3,600,900,1.7,100,0.3,320,0.7,True,2,1800,800,Keeper of the Light,6174,2858,16952,7910,21481,10134,21837,10491,17676,8513,11887,5798,8153,3875,4854,2377,54939,"9832,8188,8335,8605,9473,9312,1194",24349,"4385,3626,3667,3836,4245,4033,557",139,68,212,119785,"21783,18107,17646,18488,20796,20095,2870",56882,"10335,8579,8310,8860,9963,9515,1320",422,599,0.11283497884344146,3.4170854271356785,550.820809248555,128.2573726541555,350
91,npc_dota_hero_wisp,all,Ranged,"Support,Escape,Nuker",/apps/dota2/images/dota_react/heroes/wisp.png?,/apps/dota2/images/dota_react/heroes/icons/wisp.png?,120,0.25,75,0.0,1,25,21,27,17,14,23,3.0,1.6,1.7,500,1200,1.7,100,0.3,320,0.7,True,0,1800,800,Io,4925,2440,12668,6344,15178,7706,13894,7005,10535,5292,7018,3600,4841,2576,2343,1253,47709,"8824,6836,7162,7649,8316,7920,1002",23376,"4339,3311,3506,3765,4124,3866,465",49,24,83,78423,"14332,11640,11506,12194,13571,13447,1733",39634,"7254,5766,5825,6127,6952,6828,882",290,491,0.03813155386081983,0.5434782608695652,123.59340659340658,396.81422351233675,481
92,npc_dota_hero_visage,all,Ranged,"Support,Nuker,Durable,Disabler,Pusher",/apps/dota2/images/dota_react/heroes/visage.png?,/apps/dota2/images/dota_react/heroes/icons/visage.png?,120,0.25,75,0.0,0,25,21,31,22,11,22,2.8,1.3,2.9,600,1400,1.7,110,0.4,285,,True,2,1800,800,Visage,2464,1200,6388,3213,7166,3680,6767,3481,5334,2830,3938,2073,2841,1548,1949,994,19882,"3558,2947,3019,3021,3460,3461,416",9124,"1688,1359,1342,1373,1599,1579,184",41,23,121,41220,"7247,6104,6080,6598,7238,6998,955",21174,"3724,3088,3166,3430,3713,3581,472",492,642,0.20722635494155156,3.981448448091331,553.9006211180124,7.944250871080139,6756
93,npc_dota_hero_slark,agi,Melee,"Carry,Escape,Disabler,Nuker",/apps/dota2/images/dota_react/heroes/slark.png?,/apps/dota2/images/dota_react/heroes/icons/slark.png?,120,0.25,75,0.0,0,25,37,43,20,21,16,2.1,1.5,1.9,150,0,1.7,120,0.5,300,0.7,True,2,1800,1800,Slark,18696,9782,59061,29999,80897,40681,85715,42371,70833,35278,47349,23298,30480,14959,17277,8649,159231,"27858,23581,25089,24660,27433,26280,4330",81198,"14190,12004,12842,12433,14012,13490,2227",260,134,477,443455,"77311,66141,67049,68461,77159,73732,13602",222421,"38879,33429,33758,34110,38364,37031,6850",519,737,0.20951549541684852,5.188834154351396,520.9583333333333,6.119951040391677,2469
94,npc_dota_hero_medusa,agi,Ranged,"Carry,Disabler,Durable",/apps/dota2/images/dota_react/heroes/medusa.png?,/apps/dota2/images/dota_react/heroes/icons/medusa.png?,120,0.25,75,0.0,-1,25,26,32,0,22,25,0.0,3.6,3.6,600,1200,1.7,100,0.5,275,,True,0,1800,800,Medusa,13856,7549,44064,23554,66698,35679,78445,41521,68477,35676,46651,23950,30566,15497,17051,8394,118859,"22503,17858,17950,18047,20230,19227,3044",68828,"12977,10392,10474,10397,11673,11140,1775",363,209,1011,384520,"70059,58667,57703,58995,65726,63373,9997",201894,"36795,30867,30205,30940,34429,33378,5280",564,752,0.13001083423618634,6.9879518072289155,663.8183934807917,3.0156815440289506,5613
95,npc_dota_hero_troll_warlord,agi,Ranged,"Carry,Pusher,Disabler,Durable",/apps/dota2/images/dota_react/heroes/troll_warlord.png?,/apps/dota2/images/dota_react/heroes/icons/troll_warlord.png?,120,0.25,75,0.0,-1,25,27,35,21,23,13,2.5,3.3,1.0,500,1200,1.7,100,0.3,290,,True,2,1800,800,Troll Warlord,10172,5348,19742,10251,19462,10115,16543,8330,11769,5872,7162,3545,4267,2028,1917,879,64711,"11653,9548,9604,9859,11292,11075,1680",34474,"6243,5071,5050,5275,6033,5918,884",70,26,100,109143,"19751,16496,16108,16560,18811,18381,3036",55579,"10005,8410,8123,8485,9602,9433,1521",566,779,0.20697585281717132,6.345256609642302,627.84715750233,5.325936199722608,5143
96,npc_dota_hero_centaur,str,Melee,"Durable,Initiator,Disabler,Nuker,Escape",/apps/dota2/images/dota_react/heroes/centaur.png?,/apps/dota2/images/dota_react/heroes/icons/centaur.png?,120,3.0,75,0.0,-2,25,36,38,27,15,15,4.0,1.0,1.6,150,900,1.7,90,0.3,305,,True,4,1800,800,Centaur Warrunner,6614,3400,21043,10802,30333,15481,32773,16735,26913,13507,17404,8709,10696,5336,5467,2667,51807,"9659,7775,7446,7867,8872,8675,1513",27542,"5108,4112,4001,4187,4753,4579,802",194,98,91,164120,"29925,24745,24344,24886,27968,27129,5123",83343,"15217,12582,12320,12714,13999,13871,2640",480,660,0.12642225031605564,4.925742574257425,579.3522267206478,3.0036043251902282,1724
97,npc_dota_hero_magnataur,all,Melee,"Initiator,Disabler,Nuker,Escape",/apps/dota2/images/dota_react/heroes/magnataur.png?,/apps/dota2/images/dota_react/heroes/icons/magnataur.png?,120,0.5,75,0.5,1,25,30,38,25,12,20,3.1,2.0,2.1,200,900,1.8,100,0.5,305,0.8,True,4,1800,800,Magnus,6447,3003,26868,12606,50256,23856,65713,31439,63504,30707,44954,21611,30166,14649,14895,7220,120946,"22389,18029,18004,18672,20829,20030,2993",55514,"10343,8233,8237,8578,9502,9208,1413",226,112,271,318542,"57229,48441,47376,48976,54722,52842,8956",152745,"27383,23262,22708,23428,26406,25219,4339",437,637,0.12195121951219513,3.989466754443713,449.36683417085425,4.2101475350845625,514
98,npc_dota_hero_shredder,str,Melee,"Nuker,Durable,Escape",/apps/dota2/images/dota_react/heroes/shredder.png?,/apps/dota2/images/dota_react/heroes/icons/shredder.png?,120,0.25,75,0.5,0,25,23,27,26,16,23,3.5,1.6,2.7,150,900,1.7,100,0.36,285,,True,2,1800,800,Timbersaw,7056,3401,17890,8273,23247,10829,24924,11631,21501,10064,14728,6974,9973,4693,5710,2737,48533,"8460,7152,7126,7686,8618,8295,1196",22856,"4028,3373,3337,3606,4009,3907,596",155,70,121,137983,"23762,20421,20358,21239,24380,23578,4245",64852,"11251,9649,9467,10041,11431,11044,1969",486,665,0.20044543429844097,4.5870149827122555,672.9627969520394,4.948453608247423,704
99,npc_dota_hero_bristleback,str,Melee,"Carry,Durable,Initiator,Nuker",/apps/dota2/images/dota_react/heroes/bristleback.png?,/apps/dota2/images/dota_react/heroes/icons/bristleback.png?,120,1.0,75,0.4,1,25,31,37,22,17,14,2.7,1.8,2.8,150,900,1.8,100,0.3,295,0.9,True,2,1800,800,Bristleback,19815,10578,43581,22177,46619,22856,42091,20616,31722,15485,20525,9989,14045,6962,9212,4533,103884,"18631,15199,15559,15754,18258,17628,2855",56140,"10108,8183,8344,8498,9828,9641,1538",298,160,308,255215,"45641,38005,37530,39081,44593,42786,7579",127537,"22771,19065,18858,19392,22238,21457,3756",486,689,0.15429122468659595,4.73862354268522,678.1019477828429,2.4622455679579778,2109
100,npc_dota_hero_tusk,str,Melee,"Initiator,Disabler,Nuker",/apps/dota2/images/dota_react/heroes/tusk.png?,/apps/dota2/images/dota_react/heroes/icons/tusk.png?,120,1.0,75,0.5,1,25,27,31,23,23,18,3.9,2.1,1.7,150,900,1.7,100,0.36,310,0.7,True,2,1800,800,Tusk,4474,1982,12891,5790,19199,8828,22969,10827,21779,10264,16576,8056,12370,5944,7829,3899,55973,"10255,8295,8156,8482,9772,9387,1626",25027,"4627,3629,3580,3778,4460,4206,747",267,132,121,129399,"23163,19190,18957,19908,22347,21507,4327",60673,"10783,8991,8984,9351,10478,10091,1995",358,562,0.11801067715650462,1.5459795646379386,397.55053507728894,3.8090401218892835,328
101,npc_dota_hero_skywrath_mage,int,Ranged,"Support,Nuker,Disabler",/apps/dota2/images/dota_react/heroes/skywrath_mage.png?,/apps/dota2/images/dota_react/heroes/icons/skywrath_mage.png?,120,0.25,75,0.25,-2,25,16,26,21,13,23,2.0,0.8,4.1,625,1000,1.7,90,0.4,325,,True,2,1800,800,Skywrath Mage,14747,7514,39611,20140,46337,23326,42857,21318,30975,15221,18676,9278,11054,5456,5585,2778,115710,"20756,17032,17254,18176,20173,19505,2814",58075,"10383,8498,8706,9114,10210,9797,1367",122,49,87,231653,"41425,34042,34198,35279,40406,39334,6969",116104,"20832,17151,17194,17595,20142,19736,3454",360,579,0.16789620961587381,1.2491867273910215,586.923076923077,2.975975200206665,367
102,npc_dota_hero_abaddon,all,Melee,"Support,Carry,Durable",/apps/dota2/images/dota_react/heroes/abaddon.png?,/apps/dota2/images/dota_react/heroes/icons/abaddon.png?,120,1.0,75,0.25,0,25,22,32,22,23,18,2.6,1.5,2.0,150,900,1.5,95,0.56,325,0.6,True,2,1800,800,Abaddon,7532,3904,22257,11719,30769,16176,33706,17570,28047,14605,18716,9708,11830,6098,5980,2986,54828,"10027,7989,8112,8301,9741,9222,1436",28875,"5209,4224,4290,4349,5161,4885,757",199,90,283,175667,"32030,26785,25634,26809,30343,29262,4804",91245,"16595,13958,13361,13820,15670,15363,2478",383,594,0.10122311261071278,2.60731319554849,358.89688249400484,62.0597414177441,1012
103,npc_dota_hero_elder_titan,str,Melee,"Initiator,Disabler,Nuker,Durable",/apps/dota2/images/dota_react/heroes/elder_titan.png?,/apps/dota2/images/dota_react/heroes/icons/elder_titan.png?,120,0.75,75,0.25,0,25,23,33,26,16,23,3.0,1.8,1.6,150,900,1.7,100,0.35,310,,True,2,1800,800,Elder Titan,2217,1043,5586,2780,6458,3250,6440,3265,5440,2863,3861,2075,3170,1724,2195,1154,25120,"4299,3759,3820,4066,4405,4147,624",12263,"2078,1830,1833,2021,2221,1993,287",64,28,50,41793,"7064,6281,6406,6642,7307,6900,1193",21183,"3524,3146,3246,3370,3762,3537,598",378,558,0.1296456352636128,2.1006944444444446,461.99683042789223,4.755043227665706,510
104,npc_dota_hero_legion_commander,str,Melee,"Carry,Disabler,Initiator,Durable,Nuker",/apps/dota2/images/dota_react/heroes/legion_commander.png?,/apps/dota2/images/dota_react/heroes/icons/legion_commander.png?,120,0.25,75,0.0,0,25,33,37,24,18,20,3.1,1.7,2.2,150,900,1.7,100,0.46,325,,True,2,1800,800,Legion Commander,23311,12030,70097,36242,92861,47787,94680,48834,73327,37783,45776,23624,27947,14213,13593,6901,129105,"23086,18669,18645,20538,22480,22042,3645",60557,"10865,8699,8818,9584,10537,10380,1674",176,94,205,478601,"84594,70917,70556,73600,83174,81184,14576",246519,"43488,36733,36484,37918,42894,41566,7436",489,679,0.20630372492836677,4.418052256532066,685.4942767950052,27.29553903345725,1978
105,npc_dota_hero_techies,all,Ranged,"Nuker,Disabler",/apps/dota2/images/dota_react/heroes/techies.png?,/apps/dota2/images/dota_react/heroes/icons/techies.png?,120,1.0,75,1.0,2,25,20,22,19,14,25,2.6,1.8,2.8,600,900,1.7,90,0.5,300,,True,6,1800,800,Techies,14102,6716,36658,17613,43404,20293,40220,18746,29873,13619,17377,7855,9040,4182,4198,1847,119618,"21606,17723,17603,18429,21774,19533,2950",52312,"9412,7761,7744,7970,9432,8648,1345",103,54,138,214082,"38538,32029,31962,32801,37333,35482,5937",100139,"18113,14907,15158,15261,17416,16545,2739",409,555,0.1549243821468093,2.699348433136829,771.9924278277331,2.9839326702371842,460
106,npc_dota_hero_ember_spirit,agi,Melee,"Carry,Escape,Nuker,Disabler,Initiator",/apps/dota2/images/dota_react/heroes/ember_spirit.png?,/apps/dota2/images/dota_react/heroes/icons/ember_spirit.png?,120,0.5,75,0.0,0,25,33,37,22,22,20,2.6,3.2,2.2,150,900,1.7,100,0.4,300,0.8,True,2,1800,800,Ember Spirit,6251,2931,19743,9087,31673,15111,38905,18964,38202,18837,28780,14349,19831,9903,12011,6043,65380,"11888,9859,9799,10314,11489,10500,1531",29997,"5481,4588,4450,4725,5279,4807,667",310,172,440,207549,"36723,31905,31136,32310,36151,33683,5641",101000,"17858,15384,15101,15706,17693,16498,2760",538,748,0.2204869085898025,5.423966362999299,791.0190369540874,2.054263565891473,1783
107,npc_dota_hero_earth_spirit,str,Melee,"Nuker,Escape,Disabler,Initiator,Durable",/apps/dota2/images/dota_react/heroes/earth_spirit.png?,/apps/dota2/images/dota_react/heroes/icons/earth_spirit.png?,120,1.0,75,0.0,0,25,25,35,22,17,18,3.8,2.4,2.1,150,900,1.7,100,0.35,290,,True,2,1800,800,Earth Spirit,2025,876,6256,2883,9748,4618,11860,5681,10422,5029,7830,3891,5155,2647,3024,1556,32605,"5841,4739,4830,5046,5823,5545,781",14331,"2571,2112,2056,2210,2509,2529,344",63,35,41,61715,"10638,9055,9206,9749,10924,10364,1779",29658,"5073,4398,4454,4665,5242,4982,844",390,600,0.12759170653907498,2.1466431095406358,517.9939209726443,3.4722222222222223,285
108,npc_dota_hero_abyssal_underlord,str,Melee,"Support,Nuker,Disabler,Durable,Escape",/apps/dota2/images/dota_react/heroes/abyssal_underlord.png?,/apps/dota2/images/dota_react/heroes/icons/abyssal_underlord.png?,120,0.25,75,0.0,3,25,37,43,25,12,17,3.0,1.6,2.3,200,900,1.7,100,0.45,290,,True,2,1800,800,Underlord,5324,2707,16427,8293,24101,11960,28168,13752,25417,12341,18104,8729,11909,5681,6057,2884,53805,"10115,8094,7516,7974,8916,9513,1677",27492,"5137,4123,3870,4098,4556,4837,871",158,77,91,145660,"26100,22053,20701,21543,24236,25862,5165",71454,"12757,10857,10121,10662,11921,12572,2564",479,655,0.11198208286674133,4.988061645322335,541.5800711743773,0.36396724294813465,1835
109,npc_dota_hero_terrorblade,agi,Melee,"Carry,Pusher,Nuker",/apps/dota2/images/dota_react/heroes/terrorblade.png?,/apps/dota2/images/dota_react/heroes/icons/terrorblade.png?,120,1.5,75,0.0,5,25,28,34,18,22,19,2.0,4.0,1.6,150,900,1.5,110,0.3,315,0.8,True,2,1800,800,Terrorblade,7758,3772,20739,9972,25987,12318,26811,12672,24624,11624,19244,9384,15580,7657,13852,6969,59736,"10851,8906,8930,9626,10389,9902,1132",28739,"5277,4261,4251,4654,4971,4796,529",257,128,332,167913,"29533,25732,25177,26059,29498,28011,3903",80828,"14147,12550,11993,12535,14200,13516,1887",581,736,0.1826175177544809,7.393894266567386,568.035481346204,0.6827586206896552,6261
110,npc_dota_hero_phoenix,str,Ranged,"Support,Nuker,Initiator,Escape,Disabler",/apps/dota2/images/dota_react/heroes/phoenix.png?,/apps/dota2/images/dota_react/heroes/icons/phoenix.png?,120,2.0,75,0.0,-1,25,21,31,23,12,16,3.3,1.5,1.8,525,1100,1.7,100,0.35,280,0.9,True,2,1800,800,Phoenix,3670,1823,12658,6338,20265,10298,24972,12758,22705,11586,16976,8616,12522,6522,7803,4064,41293,"7423,6104,6017,6312,7328,7007,1102",20221,"3580,2979,2938,3090,3607,3490,537",175,85,137,130121,"22876,19071,19338,19923,23006,22396,3511",66244,"11715,9799,9794,10178,11749,11239,1770",411,609,0.13641530882910194,2.8183229813664594,580.7801418439716,39.98781602193116,484
111,npc_dota_hero_oracle,int,Ranged,"Support,Nuker,Disabler,Escape",/apps/dota2/images/dota_react/heroes/oracle.png?,/apps/dota2/images/dota_react/heroes/icons/oracle.png?,120,0.25,75,0.5,1,25,13,19,20,15,26,2.4,1.7,3.6,620,900,1.7,100,0.3,295,0.7,True,2,1800,800,Oracle,4022,1963,12674,6341,19148,9850,22503,11869,19631,10361,13625,7293,9221,4829,5145,2777,49367,"8951,7200,7401,7606,8551,8364,1294",25738,"4655,3745,3841,3947,4490,4339,721",104,47,107,113233,"20341,16930,16528,17558,19839,19045,2992",58908,"10579,8685,8569,9207,10328,9985,1555",332,513,0.10661928031985783,1.0964083175803403,269.664,319.55202312138726,216
112,npc_dota_hero_winter_wyvern,int,Ranged,"Support,Disabler,Nuker",/apps/dota2/images/dota_react/heroes/winter_wyvern.png?,/apps/dota2/images/dota_react/heroes/icons/winter_wyvern.png?,120,0.25,75,0.5,1,25,14,21,22,16,26,2.5,1.7,3.6,425,700,1.7,100,0.25,285,,True,2,1800,1200,Winter Wyvern,6574,3377,20684,10732,26728,13858,26905,14107,21970,11649,14157,7538,10533,5662,6144,3290,52472,"9807,7739,7753,8060,9033,8647,1433",26920,"4968,4014,3952,4174,4633,4465,714",92,40,113,144035,"26134,21516,21275,21843,25145,24269,3853",75456,"13815,11165,11201,11464,13124,12676,2011",357,553,0.1032258064516129,1.7097625329815305,482.73852075886714,243.96484375000003,325
113,npc_dota_hero_arc_warden,all,Ranged,"Carry,Escape,Nuker",/apps/dota2/images/dota_react/heroes/arc_warden.png?,/apps/dota2/images/dota_react/heroes/icons/arc_warden.png?,120,0.25,75,0.0,0,25,23,29,20,20,24,2.4,3.0,2.6,625,900,1.7,100,0.3,285,0.7,True,2,1800,800,Arc Warden,4460,2043,11260,5355,13219,6397,11728,5895,8355,4094,5444,2747,3586,1807,1827,933,40480,"7503,5990,6096,6472,6822,6808,789",18322,"3415,2766,2709,2874,3114,3092,352",35,19,78,68253,"12404,10108,10166,10502,11827,11745,1501",33153,"5944,5005,5010,5084,5708,5664,738",618,727,0.22080963532954168,5.444801714898178,753.7402307406029,3.942505133470226,3278
114,npc_dota_hero_monkey_king,agi,Melee,"Carry,Escape,Disabler,Initiator",/apps/dota2/images/dota_react/heroes/monkey_king.png?,/apps/dota2/images/dota_react/heroes/icons/monkey_king.png?,120,1.0,75,0.0,2,25,29,33,19,24,20,2.8,3.7,1.8,300,900,1.7,100,0.45,300,,True,2,1800,800,Monkey King,12321,5612,30410,13786,39889,18161,43711,20280,39239,18312,28291,13442,19783,9504,12020,5916,104188,"18893,15658,15586,16024,18103,17271,2653",49444,"8881,7351,7388,7632,8648,8266,1278",242,122,507,246415,"44133,37800,36769,38245,42509,39968,6991",114838,"20460,17562,17230,17876,19835,18623,3252",523,703,0.2165087956698241,5.361552028218695,677.5473887814313,7.836192584394023,1964
119,npc_dota_hero_dark_willow,int,Ranged,"Support,Nuker,Disabler,Escape",/apps/dota2/images/dota_react/heroes/dark_willow.png?,/apps/dota2/images/dota_react/heroes/icons/dark_willow.png?,120,0.75,75,0.0,0,25,27,35,20,18,21,2.0,1.6,3.5,475,1200,1.5,115,0.3,290,0.7,True,2,1800,800,Dark Willow,9026,4244,21813,10470,26290,12692,26801,13099,22405,10926,15697,7746,11123,5450,6645,3307,74975,"13781,11153,11107,11524,12956,12580,1874",36299,"6646,5428,5379,5597,6249,6115,885",165,77,74,151890,"27087,22529,22424,23162,26474,25853,4361",73944,"13235,11005,10824,11234,12950,12576,2120",361,561,0.1461886529759833,1.4984709480122325,478.53508095605247,3.4224598930481283,506
120,npc_dota_hero_pangolier,all,Melee,"Carry,Nuker,Disabler,Durable,Escape,Initiator",/apps/dota2/images/dota_react/heroes/pangolier.png?,/apps/dota2/images/dota_react/heroes/icons/pangolier.png?,120,1.25,75,0.0,2,25,28,34,19,18,16,2.7,3.2,2.2,150,900,1.7,100,0.33,295,0.9,True,2,1800,800,Pangolier,2511,1113,6985,3181,10305,4565,12472,5623,12810,5768,10702,4854,8138,3760,5523,2653,27949,"5195,4150,4199,4415,4673,4648,669",12101,"2193,1784,1876,1922,2020,2023,283",163,79,253,75580,"13627,11679,11326,11645,12971,12349,1983",34337,"6156,5299,5136,5286,5925,5642,893",512,702,0.173841059602649,5.582985187998481,586.1142857142858,3.3112582781456954,1136
121,npc_dota_hero_grimstroke,int,Ranged,"Support,Nuker,Disabler,Escape",/apps/dota2/images/dota_react/heroes/grimstroke.png?,/apps/dota2/images/dota_react/heroes/icons/grimstroke.png?,120,0.25,75,0.0,0,25,21,25,21,18,25,2.4,1.9,3.8,600,900,1.7,100,0.35,290,,True,0,1800,800,Grimstroke,6231,3055,18909,9359,24925,12332,26717,13118,21522,10585,14366,6984,8663,4310,4111,2031,50273,"8838,7357,7363,7876,9051,8526,1262",24922,"4369,3690,3617,3976,4521,4165,584",106,43,52,135199,"24080,19853,19621,20807,24156,23159,3523",66448,"11757,9730,9604,10202,12007,11459,1689",366,561,0.10714285714285714,1.7081850533807827,406.4650592562321,3.5868005738880915,335
123,npc_dota_hero_hoodwink,agi,Ranged,"Support,Nuker,Escape,Disabler",/apps/dota2/images/dota_react/heroes/hoodwink.png?,/apps/dota2/images/dota_react/heroes/icons/hoodwink.png?,120,0.25,75,0.0,0,25,22,29,17,25,21,2.0,3.6,2.9,575,1800,2.0,100,0.4,310,0.9,True,4,1800,800,Hoodwink,9870,4688,25619,12059,31802,15161,31316,14749,23426,11031,14585,6855,8591,3997,4172,2034,85991,"15306,12556,12498,13043,14856,15759,1973",39471,"6927,5779,5718,6003,6816,7356,872",110,62,22,163746,"29290,24154,24412,25079,28664,28053,4094",77456,"13871,11369,11587,11878,13570,13229,1952",386,594,0.12396694214876033,2.394526795895097,478.8642297650131,2.7036770007209805,526
126,npc_dota_hero_void_spirit,all,Melee,"Carry,Escape,Nuker,Disabler",/apps/dota2/images/dota_react/heroes/void_spirit.png?,/apps/dota2/images/dota_react/heroes/icons/void_spirit.png?,120,0.25,75,0.6,-1,25,22,26,22,19,24,2.6,2.2,3.1,200,900,1.7,100,0.35,290,0.7,True,2,1800,800,Void Spirit,3943,1870,9713,4716,12485,6221,13426,6705,11558,5812,7912,3930,4702,2308,2257,1146,43037,"8157,6333,6455,6512,7389,7048,1143",21319,"4014,3163,3164,3162,3724,3521,571",44,20,124,74444,"13422,11060,11001,11434,12932,12462,2133",36825,"6594,5601,5431,5616,6283,6213,1087",494,714,0.19135981443896782,4.500601684717208,636.9261744966443,2.904787520172136,1606
128,npc_dota_hero_snapfire,all,Ranged,"Support,Nuker,Disabler,Escape",/apps/dota2/images/dota_react/heroes/snapfire.png?,/apps/dota2/images/dota_react/heroes/icons/snapfire.png?,120,0.75,75,0.0,1,25,25,31,21,16,21,3.5,1.9,2.2,400,1800,1.8,100,0.35,300,,True,2,1800,800,Snapfire,5449,2526,15562,7350,22667,10789,25181,12006,21746,10191,14616,6929,9058,4247,4579,2167,54248,"9882,8217,8003,8237,9388,9109,1412",24573,"4441,3671,3681,3698,4301,4135,646",143,72,94,128767,"22565,18838,18846,19738,23126,21779,3875",60910,"10580,8945,8859,9320,11003,10323,1880",409,584,0.1495016611295681,2.747580044676098,556.3583815028902,4.191829484902309,1218
129,npc_dota_hero_mars,str,Melee,"Carry,Initiator,Disabler,Durable",/apps/dota2/images/dota_react/heroes/mars.png?,/apps/dota2/images/dota_react/heroes/icons/mars.png?,120,0.25,75,0.5,-1,25,26,34,23,20,21,3.7,1.7,2.2,250,900,1.8,100,0.4,310,0.8,True,2,1800,800,Mars,5220,2485,17635,8268,29896,14329,38834,18669,38254,18514,29336,14170,20859,10062,12187,5959,64459,"11517,9438,9490,10002,11225,10921,1866",31860,"5630,4654,4722,4990,5511,5391,962",265,126,188,204052,"36225,30072,30306,31548,35379,34099,6423",98361,"17536,14492,14552,15171,17019,16471,3120",469,645,0.1345895020188425,4.5606865549652635,501.7060167555217,3.8591916558018253,849
131,npc_dota_hero_ringmaster,int,Ranged,"Support,Nuker,Escape,Disabler",/apps/dota2/images/dota_react/heroes/ringmaster.png?,/apps/dota2/images/dota_react/heroes/icons/ringmaster.png?,120,0.25,75,0.0,1,25,23,33,21,13,25,2.1,1.4,3.0,575,1200,1.7,100,0.5,310,0.6,True,2,1800,800,Ring Master,4667,2159,15781,7515,27589,13169,37156,17864,38170,18507,30526,14770,24210,11823,16470,8171,47280,"8881,7100,6962,7161,8084,7797,1295",21719,"4125,3246,3132,3414,3690,3535,577",429,212,438,202135,"37010,31493,30178,30642,34656,32859,5297",97574,"17796,15276,14594,14778,16872,15689,2569",333,517,0.09574468085106383,1.2832699619771863,437.62110726643596,17.13563605728728,196
135,npc_dota_hero_dawnbreaker,str,Melee,"Carry,Durable",/apps/dota2/images/dota_react/heroes/dawnbreaker.png?,/apps/dota2/images/dota_react/heroes/icons/dawnbreaker.png?,120,0.5,75,0.0,2,25,29,33,25,14,20,3.4,1.7,2.0,150,900,1.7,100,0.46,300,0.6,True,2,1800,800,Dawnbreaker,5078,2489,14996,7552,23864,12220,29641,15162,28005,14236,21557,11032,15867,8069,9251,4717,44435,"8260,6625,6406,6799,7760,7437,1148",22135,"4091,3251,3223,3464,3842,3693,571",194,94,195,158137,"28667,23642,23172,24237,27660,26370,4389",80569,"14637,12003,11787,12464,14049,13351,2278",502,676,0.16424856282507527,5.282296650717703,606.3224181360201,96.920245398773,1253
136,npc_dota_hero_marci,all,Melee,"Support,Carry,Initiator,Disabler,Escape",/apps/dota2/images/dota_react/heroes/marci.png?,/apps/dota2/images/dota_react/heroes/icons/marci.png?,120,0.25,75,0.0,0,25,29,33,23,20,19,3.0,1.8,1.9,150,0,1.7,100,0.3,315,0.9,True,2,1800,800,Marci,6544,3063,16003,7493,21070,9795,22553,10664,19673,9195,14017,6517,9703,4652,5857,2844,54463,"9870,8123,7957,8488,9517,9240,1268",23808,"4351,3502,3520,3776,4188,3932,539",119,70,117,128442,"22952,19184,18966,20121,22344,21444,3431",60363,"10750,9064,8978,9482,10507,9914,1668",420,597,0.18633540372670807,3.189079291315713,473.40625,3.8907849829351533,1402
137,npc_dota_hero_primal_beast,str,Melee,"Initiator,Durable,Disabler",/apps/dota2/images/dota_react/heroes/primal_beast.png?,/apps/dota2/images/dota_react/heroes/icons/primal_beast.png?,120,0.25,75,0.0,2,25,36,38,26,15,16,4.3,1.0,1.7,150,900,1.8,100,0.6,305,0.6,True,2,1800,800,Primal Beast,3000,1369,8105,3787,10635,5006,10597,4888,8687,4060,5852,2722,3781,1741,2088,982,35857,"6386,5208,5196,5754,6282,6164,867",17442,"3051,2581,2502,2781,3081,3011,435",72,34,50,59332,"10384,8836,8526,8986,10578,10300,1722",27587,"4788,4154,3991,4168,4931,4760,795",450,628,0.15711947626841244,4.056437389770723,571.9921298573537,2.627388535031847,946
138,npc_dota_hero_muerta,int,Ranged,"Carry,Nuker,Disabler",/apps/dota2/images/dota_react/heroes/muerta.png?,/apps/dota2/images/dota_react/heroes/icons/muerta.png?,120,0.25,75,0.0,0,25,24,32,19,20,23,2.0,2.7,3.4,575,3000,1.7,115,0.35,295,0.7,True,2,1800,800,Muerta,5929,2878,12521,6054,16494,7834,19215,9098,18010,8457,13840,6585,10412,4934,5868,2710,63240,"11477,9602,9571,9553,10884,10550,1603",32670,"6041,4915,4945,4897,5637,5445,790",218,110,127,112617,"20542,17524,16726,17181,19323,18386,2935",53795,"9881,8295,8006,8212,9196,8842,1363",435,614,0.12802275960170698,3.601665510062457,563.4168797953964,3.623188405797101,1297
145,npc_dota_hero_kez,agi,Melee,"Carry,Escape,Disabler",/apps/dota2/images/dota_react/heroes/kez.png?,/apps/dota2/images/dota_react/heroes/icons/kez.png?,120,1.0,75,0.0,1,25,23,29,19,27,18,2.6,3.5,1.7,225,900,2.0,100,0.35,315,1.0,False,2,1800,800,Kez,7476,3421,17985,8286,23002,10574,25297,11542,23040,10668,16660,7801,12186,5678,6954,3319,76175,"13213,10913,11243,12155,13659,13343,1649",35302,"6140,5015,5199,5620,6407,6160,761",16,6,13,143378,"24382,21043,21162,22470,25288,25498,3535",66307,"11303,9737,9827,10345,11670,11762,1663",543,750,0.24590163934426232,5.4387865655471295,704.877208099957,7.077625570776255,2259
